旅客记录号,乘客数,到达航班,到达日期,出发航班,出发日期
T1317,2,GN0641,19-Jan-18,NV664,20-Jan-18
T1356,2,NV673,19-Jan-18,NV664,20-Jan-18
T1357,2,NV673,19-Jan-18,NV664,20-Jan-18
T1358,2,NV673,19-Jan-18,NV664,20-Jan-18
T1359,2,NV673,19-Jan-18,NV664,20-Jan-18
T1360,2,NV673,19-Jan-18,NV664,20-Jan-18
T1361,2,NV673,19-Jan-18,NV320,20-Jan-18
T1362,2,NV673,19-Jan-18,NV320,20-Jan-18
T1363,2,NV673,19-Jan-18,NV320,20-Jan-18
T1364,1,NV673,19-Jan-18,NV320,20-Jan-18
T1365,1,NV673,19-Jan-18,NV608,20-Jan-18
T1378,1,NV633,19-Jan-18,NV608,20-Jan-18
T1379,2,NV633,19-Jan-18,NV840,20-Jan-18
T1381,1,NV3622,19-Jan-18,NV320,20-Jan-18
T1382,2,NV3622,19-Jan-18,NV608,20-Jan-18
T1383,1,NV3622,19-Jan-18,NV608,20-Jan-18
T1390,1,NV849,19-Jan-18,NV664,20-Jan-18
T1391,1,NV849,19-Jan-18,NV608,20-Jan-18
T1400,1,NV6463,19-Jan-18,NV846,20-Jan-18
T1401,2,NV6527,19-Jan-18,NV6134,20-Jan-18
T1402,2,NV6527,19-Jan-18,NV6134,20-Jan-18
T1403,2,NV6527,19-Jan-18,NV6134,20-Jan-18
T1404,2,NV6527,19-Jan-18,NV6134,20-Jan-18
T1408,2,NV827,19-Jan-18,NV664,20-Jan-18
T1409,2,NV827,19-Jan-18,NV320,20-Jan-18
T1410,1,NV827,19-Jan-18,NV320,20-Jan-18
T1413,2,NV3291,19-Jan-18,NV880,20-Jan-18
T1417,2,NV621,19-Jan-18,NV664,20-Jan-18
T1418,1,NV621,19-Jan-18,NV840,20-Jan-18
T1421,2,NV6551,19-Jan-18,NV846,20-Jan-18
T1422,1,NV6551,19-Jan-18,NV846,20-Jan-18
T1423,1,NV6551,19-Jan-18,NV840,20-Jan-18
T1424,2,NV6551,19-Jan-18,NV880,20-Jan-18
T1425,1,NV6551,19-Jan-18,NV880,20-Jan-18
T1427,1,NV6725,19-Jan-18,NV664,20-Jan-18
T1428,2,NV6725,19-Jan-18,NV846,20-Jan-18
T1429,1,NV6725,19-Jan-18,NV846,20-Jan-18
T1430,2,NV6725,19-Jan-18,NV608,20-Jan-18
T1431,2,NV6725,19-Jan-18,NV880,20-Jan-18
T1432,2,NV317,19-Jan-18,NV608,20-Jan-18
T1433,2,NV3278,19-Jan-18,NV608,20-Jan-18
T1440,2,NV6117,19-Jan-18,NV664,20-Jan-18
T1441,2,NV6117,19-Jan-18,NV664,20-Jan-18
T1442,2,NV6117,19-Jan-18,NV664,20-Jan-18
T1443,1,NV6117,19-Jan-18,NV664,20-Jan-18
T1444,2,NV6117,19-Jan-18,NV320,20-Jan-18
T1445,2,NV6117,19-Jan-18,NV608,20-Jan-18
T1446,2,NV6117,19-Jan-18,NV840,20-Jan-18
T1447,2,NV6117,19-Jan-18,NV840,20-Jan-18
T1448,2,NV6117,19-Jan-18,NV840,20-Jan-18
T1449,1,NV6578,19-Jan-18,NV880,20-Jan-18
T1450,2,NV6772,19-Jan-18,NV664,20-Jan-18
T1451,1,NV6772,19-Jan-18,NV664,20-Jan-18
T1452,2,NV6772,19-Jan-18,NV846,20-Jan-18
T1453,2,NV6772,19-Jan-18,NV846,20-Jan-18
T1454,1,NV6772,19-Jan-18,NV846,20-Jan-18
T1455,2,NV6772,19-Jan-18,NV608,20-Jan-18
T1457,1,NV6375,19-Jan-18,NV664,20-Jan-18
T1458,1,NV6375,19-Jan-18,NV840,20-Jan-18
T1459,1,NV6633,19-Jan-18,NV846,20-Jan-18
T1460,2,NV6633,19-Jan-18,NV320,20-Jan-18
T1461,2,NV6633,19-Jan-18,NV880,20-Jan-18
T1462,1,NV6633,19-Jan-18,NV880,20-Jan-18
T1463,1,NV6633,19-Jan-18,NV880,20-Jan-18
T1469,2,NV651,19-Jan-18,NV664,20-Jan-18
T1470,2,NV651,19-Jan-18,NV664,20-Jan-18
T1471,2,NV651,19-Jan-18,NV846,20-Jan-18
T1472,2,NV651,19-Jan-18,NV840,20-Jan-18
T1474,1,NV6642,19-Jan-18,NV664,20-Jan-18
T1475,2,NV6642,19-Jan-18,NV320,20-Jan-18
T1476,1,NV6642,19-Jan-18,NV840,20-Jan-18
T1477,2,NV6642,19-Jan-18,NV880,20-Jan-18
T1478,2,NV6642,19-Jan-18,NV880,20-Jan-18
T1479,1,NV6642,19-Jan-18,NV880,20-Jan-18
T1480,2,NV6643,19-Jan-18,NV840,20-Jan-18
T1481,2,NV6643,19-Jan-18,NV840,20-Jan-18
T1482,1,NV6643,19-Jan-18,NV840,20-Jan-18
T1483,1,GN0629,19-Jan-18,NV846,20-Jan-18
T1484,1,NV6699,19-Jan-18,NV320,20-Jan-18
T1485,2,NV6699,19-Jan-18,NV608,20-Jan-18
T1486,2,NV6699,19-Jan-18,NV608,20-Jan-18
T1487,2,NV6699,19-Jan-18,NV608,20-Jan-18
T1488,1,NV6699,19-Jan-18,NV840,20-Jan-18
T1489,2,NV6699,19-Jan-18,NV880,20-Jan-18
T1490,1,NV6699,19-Jan-18,NV880,20-Jan-18
T1491,2,NV679,19-Jan-18,NV664,20-Jan-18
T1492,2,NV679,19-Jan-18,NV608,20-Jan-18
T1495,2,NV6241,19-Jan-18,NV320,20-Jan-18
T1496,1,NV6241,19-Jan-18,NV320,20-Jan-18
T1497,1,NV6241,19-Jan-18,NV608,20-Jan-18
T1498,2,NV6241,19-Jan-18,NV840,20-Jan-18
T1499,1,NV6241,19-Jan-18,NV840,20-Jan-18
T1500,2,NV6241,19-Jan-18,NV880,20-Jan-18
T1501,2,NV6241,19-Jan-18,NV880,20-Jan-18
T1502,2,NV6241,19-Jan-18,NV880,20-Jan-18
T1503,2,NV6241,19-Jan-18,NV880,20-Jan-18
T1504,2,NV6241,19-Jan-18,NV880,20-Jan-18
T1505,2,NV6241,19-Jan-18,NV880,20-Jan-18
T1506,2,NV6241,19-Jan-18,NV880,20-Jan-18
T1507,2,NV6241,19-Jan-18,NV880,20-Jan-18
T1508,2,NV6241,19-Jan-18,NV880,20-Jan-18
T1509,2,NV6241,19-Jan-18,NV880,20-Jan-18
T1510,2,NV6241,19-Jan-18,NV880,20-Jan-18
T1511,2,NV6241,19-Jan-18,NV880,20-Jan-18
T1515,1,NV6737,19-Jan-18,NV664,20-Jan-18
T1516,2,NV6737,19-Jan-18,NV846,20-Jan-18
T1517,1,NV6737,19-Jan-18,NV846,20-Jan-18
T1518,1,NV6737,19-Jan-18,NV6134,20-Jan-18
T1519,2,NV6737,19-Jan-18,NV608,20-Jan-18
T1520,1,NV6737,19-Jan-18,NV880,20-Jan-18
T1522,2,NV3270,19-Jan-18,NV320,20-Jan-18
T1523,1,NV3270,19-Jan-18,NV6134,20-Jan-18
T1524,1,NV3270,19-Jan-18,NV608,20-Jan-18
T1525,1,NV6405,19-Jan-18,NV846,20-Jan-18
T1526,1,NV6405,19-Jan-18,NV320,20-Jan-18
T1527,2,NV6405,19-Jan-18,NV840,20-Jan-18
T1528,2,NV6405,19-Jan-18,NV880,20-Jan-18
T1529,1,NV6405,19-Jan-18,NV880,20-Jan-18
T1530,2,NV3553,19-Jan-18,NV840,20-Jan-18
T1531,2,NV3553,19-Jan-18,NV840,20-Jan-18
T1532,1,NV3553,19-Jan-18,NV840,20-Jan-18
T1533,1,NV3553,19-Jan-18,NV880,20-Jan-18
T1534,1,GN0639,19-Jan-18,NV846,20-Jan-18
T1535,1,NV0747,19-Jan-18,NV608,20-Jan-18
T1536,2,NV677,20-Jan-18,NV3446,20-Jan-18
T1537,2,NV677,20-Jan-18,NV3615,20-Jan-18
T1538,2,NV677,20-Jan-18,NV3615,20-Jan-18
T1539,2,NV677,20-Jan-18,NV6738,20-Jan-18
T1540,2,NV677,20-Jan-18,NV6738,20-Jan-18
T1541,1,NV677,20-Jan-18,NV6738,20-Jan-18
T1542,2,NV677,20-Jan-18,NV6708,20-Jan-18
T1543,2,NV677,20-Jan-18,NV6708,20-Jan-18
T1544,2,NV677,20-Jan-18,NV6154,20-Jan-18
T1545,2,NV677,20-Jan-18,NV6154,20-Jan-18
T1546,2,NV677,20-Jan-18,NV6154,20-Jan-18
T1547,2,NV677,20-Jan-18,NV6154,20-Jan-18
T1548,2,NV677,20-Jan-18,NV6154,20-Jan-18
T1549,2,NV677,20-Jan-18,NV6154,20-Jan-18
T1550,2,NV677,20-Jan-18,NV6154,20-Jan-18
T1551,2,NV677,20-Jan-18,NV6154,20-Jan-18
T1552,2,NV677,20-Jan-18,NV6154,20-Jan-18
T1553,2,NV677,20-Jan-18,NV6154,20-Jan-18
T1554,2,NV677,20-Jan-18,NV6154,20-Jan-18
T1555,2,NV677,20-Jan-18,NV6154,20-Jan-18
T1556,2,NV677,20-Jan-18,NV6154,20-Jan-18
T1557,2,NV677,20-Jan-18,NV6154,20-Jan-18
T1558,2,NV677,20-Jan-18,NV6154,20-Jan-18
T1559,2,NV677,20-Jan-18,NV6154,20-Jan-18
T1560,2,NV677,20-Jan-18,NV6154,20-Jan-18
T1561,2,NV677,20-Jan-18,NV6154,20-Jan-18
T1562,2,NV677,20-Jan-18,NV6154,20-Jan-18
T1563,2,NV677,20-Jan-18,NV6154,20-Jan-18
T1564,2,NV677,20-Jan-18,NV6154,20-Jan-18
T1565,2,NV677,20-Jan-18,NV6154,20-Jan-18
T1566,2,NV677,20-Jan-18,NV6154,20-Jan-18
T1567,2,NV677,20-Jan-18,NV6154,20-Jan-18
T1568,1,NV677,20-Jan-18,NV6154,20-Jan-18
T1569,1,NV677,20-Jan-18,NV6724,20-Jan-18
T1570,1,NV675,20-Jan-18,NV3446,20-Jan-18
T1571,2,NV675,20-Jan-18,NV6708,20-Jan-18
T1572,1,NV675,20-Jan-18,NV6708,20-Jan-18
T1573,2,NV675,20-Jan-18,NV336,20-Jan-18
T1574,1,NV675,20-Jan-18,NV634,20-Jan-18
T1575,1,NV847,20-Jan-18,NV3446,20-Jan-18
T1576,1,NV847,20-Jan-18,NV6748,20-Jan-18
T1577,1,NV847,20-Jan-18,NV3615,20-Jan-18
T1578,2,NV847,20-Jan-18,NV675,20-Jan-18
T1579,1,NV847,20-Jan-18,NV675,20-Jan-18
T1580,2,NV847,20-Jan-18,NV6738,20-Jan-18
T1581,1,NV847,20-Jan-18,NV6738,20-Jan-18
T1582,1,NV847,20-Jan-18,NV6708,20-Jan-18
T1583,2,NV847,20-Jan-18,NV6154,20-Jan-18
T1584,2,NV847,20-Jan-18,NV6154,20-Jan-18
T1585,2,NV847,20-Jan-18,NV6154,20-Jan-18
T1586,2,NV847,20-Jan-18,NV6724,20-Jan-18
T1587,2,NV847,20-Jan-18,NV6724,20-Jan-18
T1588,1,NV847,20-Jan-18,GN0678,20-Jan-18
T1589,1,NV847,20-Jan-18,NV6762,20-Jan-18
T1590,2,NV847,20-Jan-18,NV336,20-Jan-18
T1591,2,NV847,20-Jan-18,NV6616,20-Jan-18
T1592,2,NV847,20-Jan-18,NV6230,20-Jan-18
T1593,2,NV847,20-Jan-18,NV6230,20-Jan-18
T1594,2,NV847,20-Jan-18,NV6230,20-Jan-18
T1595,2,NV847,20-Jan-18,NV6230,20-Jan-18
T1596,2,NV847,20-Jan-18,NV6230,20-Jan-18
T1597,2,NV847,20-Jan-18,NV6230,20-Jan-18
T1598,2,NV847,20-Jan-18,NV6230,20-Jan-18
T1599,2,NV847,20-Jan-18,NV6514,20-Jan-18
T1600,1,NV847,20-Jan-18,NV634,20-Jan-18
T1601,1,NV847,20-Jan-18,NV6376,20-Jan-18
T1602,2,NV847,20-Jan-18,NV6700,20-Jan-18
T1603,2,NV309,20-Jan-18,NV3615,20-Jan-18
T1604,2,NV309,20-Jan-18,NV675,20-Jan-18
T1605,1,NV309,20-Jan-18,NV6738,20-Jan-18
T1606,1,NV309,20-Jan-18,NV6708,20-Jan-18
T1607,2,NV309,20-Jan-18,NV3263,20-Jan-18
T1608,2,NV309,20-Jan-18,NV3263,20-Jan-18
T1609,1,NV309,20-Jan-18,NV6734,20-Jan-18
T1610,2,NV309,20-Jan-18,NV612,20-Jan-18
T1611,2,NV309,20-Jan-18,NV612,20-Jan-18
T1612,1,NV309,20-Jan-18,NV612,20-Jan-18
T1613,2,NV309,20-Jan-18,NV6616,20-Jan-18
T1614,2,NV309,20-Jan-18,NV6616,20-Jan-18
T1615,2,NV309,20-Jan-18,NV6616,20-Jan-18
T1616,2,NV309,20-Jan-18,NV6616,20-Jan-18
T1617,2,NV309,20-Jan-18,NV6616,20-Jan-18
T1618,2,NV309,20-Jan-18,NV6616,20-Jan-18
T1619,1,NV309,20-Jan-18,NV6616,20-Jan-18
T1620,2,NV309,20-Jan-18,NV6230,20-Jan-18
T1621,1,NV309,20-Jan-18,NV6230,20-Jan-18
T1622,2,NV309,20-Jan-18,NV6514,20-Jan-18
T1623,1,NV309,20-Jan-18,NV6514,20-Jan-18
T1624,2,NV309,20-Jan-18,NV634,20-Jan-18
T1625,2,NV309,20-Jan-18,NV634,20-Jan-18
T1626,2,NV309,20-Jan-18,NV634,20-Jan-18
T1627,2,NV309,20-Jan-18,NV634,20-Jan-18
T1628,2,NV309,20-Jan-18,NV634,20-Jan-18
T1629,2,NV309,20-Jan-18,NV6152,20-Jan-18
T1630,2,NV309,20-Jan-18,NV6152,20-Jan-18
T1631,2,NV309,20-Jan-18,NV6152,20-Jan-18
T1632,1,NV309,20-Jan-18,NV6152,20-Jan-18
T1633,1,NV309,20-Jan-18,NV678,20-Jan-18
T1634,2,NV309,20-Jan-18,NV866,20-Jan-18
T1635,2,NV309,20-Jan-18,NV866,20-Jan-18
T1636,2,NV309,20-Jan-18,NV316,20-Jan-18
T1637,1,NV871,20-Jan-18,NV3615,20-Jan-18
T1638,2,NV871,20-Jan-18,NV6154,20-Jan-18
T1639,2,NV871,20-Jan-18,NV6154,20-Jan-18
T1640,2,NV871,20-Jan-18,NV6154,20-Jan-18
T1641,2,NV871,20-Jan-18,NV6154,20-Jan-18
T1642,2,NV871,20-Jan-18,NV6154,20-Jan-18
T1643,1,NV871,20-Jan-18,NV6154,20-Jan-18
T1644,1,NV871,20-Jan-18,NV3263,20-Jan-18
T1645,2,NV871,20-Jan-18,NV6616,20-Jan-18
T1646,1,NV871,20-Jan-18,NV6230,20-Jan-18
T1647,2,NV871,20-Jan-18,NV6152,20-Jan-18
T1648,2,NV871,20-Jan-18,NV6152,20-Jan-18
T1649,2,NV871,20-Jan-18,NV6152,20-Jan-18
T1650,2,NV871,20-Jan-18,NV6152,20-Jan-18
T1651,2,NV871,20-Jan-18,NV6152,20-Jan-18
T1652,2,NV871,20-Jan-18,NV6152,20-Jan-18
T1653,2,NV871,20-Jan-18,NV6152,20-Jan-18
T1654,2,NV871,20-Jan-18,NV6152,20-Jan-18
T1655,2,NV871,20-Jan-18,NV6152,20-Jan-18
T1656,2,NV871,20-Jan-18,NV6152,20-Jan-18
T1657,2,NV871,20-Jan-18,NV6152,20-Jan-18
T1658,2,NV871,20-Jan-18,NV6152,20-Jan-18
T1659,2,NV871,20-Jan-18,NV6152,20-Jan-18
T1660,1,NV347,20-Jan-18,NV6154,20-Jan-18
T1661,2,NV347,20-Jan-18,NV3263,20-Jan-18
T1662,2,NV347,20-Jan-18,NV6734,20-Jan-18
T1663,1,NV347,20-Jan-18,NV6734,20-Jan-18
T1664,2,NV347,20-Jan-18,NV6514,20-Jan-18
T1665,2,NV347,20-Jan-18,NV6514,20-Jan-18
T1666,2,NV347,20-Jan-18,NV6152,20-Jan-18
T1667,2,NV347,20-Jan-18,NV6504,20-Jan-18
T1668,2,NV347,20-Jan-18,NV6504,20-Jan-18
T1669,2,NV655,20-Jan-18,NV6738,20-Jan-18
T1670,2,NV655,20-Jan-18,NV6738,20-Jan-18
T1671,2,NV655,20-Jan-18,NV6708,20-Jan-18
T1672,2,NV655,20-Jan-18,NV6708,20-Jan-18
T1673,2,NV655,20-Jan-18,NV6708,20-Jan-18
T1674,2,NV655,20-Jan-18,NV6708,20-Jan-18
T1675,1,NV655,20-Jan-18,NV380,20-Jan-18
T1676,2,NV655,20-Jan-18,NV6154,20-Jan-18
T1677,2,NV655,20-Jan-18,NV6154,20-Jan-18
T1678,2,NV655,20-Jan-18,NV6154,20-Jan-18
T1679,1,NV655,20-Jan-18,NV6154,20-Jan-18
T1680,1,NV655,20-Jan-18,NV3263,20-Jan-18
T1681,2,NV655,20-Jan-18,NV6358,20-Jan-18
T1682,2,NV655,20-Jan-18,NV6358,20-Jan-18
T1683,2,NV655,20-Jan-18,NV6358,20-Jan-18
T1684,2,NV655,20-Jan-18,NV6358,20-Jan-18
T1685,2,NV655,20-Jan-18,NV6358,20-Jan-18
T1686,1,NV655,20-Jan-18,NV6724,20-Jan-18
T1687,2,NV655,20-Jan-18,NV6734,20-Jan-18
T1688,2,NV655,20-Jan-18,NV6734,20-Jan-18
T1689,2,NV655,20-Jan-18,NV6734,20-Jan-18
T1690,2,NV655,20-Jan-18,NV6734,20-Jan-18
T1691,2,NV655,20-Jan-18,NV6734,20-Jan-18
T1692,2,NV655,20-Jan-18,NV6734,20-Jan-18
T1693,2,NV655,20-Jan-18,NV6734,20-Jan-18
T1694,2,NV655,20-Jan-18,NV6734,20-Jan-18
T1695,2,NV655,20-Jan-18,NV6734,20-Jan-18
T1696,1,NV655,20-Jan-18,NV6734,20-Jan-18
T1697,1,NV655,20-Jan-18,NV6230,20-Jan-18
T1698,1,NV655,20-Jan-18,NV630,20-Jan-18
T1699,1,NV891,20-Jan-18,NV6738,20-Jan-18
T1700,2,NV891,20-Jan-18,NV6154,20-Jan-18
T1701,2,NV891,20-Jan-18,NV6154,20-Jan-18
T1702,2,NV891,20-Jan-18,NV6154,20-Jan-18
T1703,2,NV891,20-Jan-18,NV6154,20-Jan-18
T1704,1,NV891,20-Jan-18,NV6154,20-Jan-18
T1705,1,NV891,20-Jan-18,NV3263,20-Jan-18
T1706,2,NV891,20-Jan-18,NV6724,20-Jan-18
T1707,1,NV891,20-Jan-18,NV6548,20-Jan-18
T1708,2,NV891,20-Jan-18,NV6616,20-Jan-18
T1709,1,NV891,20-Jan-18,NV6616,20-Jan-18
T1710,2,NV891,20-Jan-18,NV6230,20-Jan-18
T1711,2,NV891,20-Jan-18,NV6230,20-Jan-18
T1712,1,NV891,20-Jan-18,NV6446,20-Jan-18
T1713,1,NV891,20-Jan-18,NV634,20-Jan-18
T1714,2,NV891,20-Jan-18,NV6152,20-Jan-18
T1715,1,NV891,20-Jan-18,NV6152,20-Jan-18
T1716,2,NV891,20-Jan-18,NV6576,20-Jan-18
T1717,2,NV891,20-Jan-18,NV6576,20-Jan-18
T1718,1,NV891,20-Jan-18,NV6576,20-Jan-18
T1719,1,NV891,20-Jan-18,NV6700,20-Jan-18
T1720,2,NV343,20-Jan-18,NV336,20-Jan-18
T1721,1,NV343,20-Jan-18,NV6230,20-Jan-18
T1722,1,NV343,20-Jan-18,NV634,20-Jan-18
T1723,2,NV343,20-Jan-18,NV6152,20-Jan-18
T1724,2,NV343,20-Jan-18,NV6152,20-Jan-18
T1725,2,NV343,20-Jan-18,NV6152,20-Jan-18
T1726,2,NV343,20-Jan-18,NV6152,20-Jan-18
T1727,2,NV343,20-Jan-18,NV6152,20-Jan-18
T1728,2,NV343,20-Jan-18,NV6152,20-Jan-18
T1729,2,NV343,20-Jan-18,NV6152,20-Jan-18
T1730,2,NV343,20-Jan-18,NV6152,20-Jan-18
T1731,2,NV343,20-Jan-18,NV6152,20-Jan-18
T1732,2,NV343,20-Jan-18,NV6152,20-Jan-18
T1733,2,NV343,20-Jan-18,NV6152,20-Jan-18
T1734,2,NV343,20-Jan-18,NV6152,20-Jan-18
T1735,2,NV343,20-Jan-18,NV6152,20-Jan-18
T1736,1,NV343,20-Jan-18,NV6152,20-Jan-18
T1737,1,NV343,20-Jan-18,NV6504,20-Jan-18
T1738,2,NV343,20-Jan-18,NV630,20-Jan-18
T1739,1,NV343,20-Jan-18,NV6612,20-Jan-18
T1740,2,NV343,20-Jan-18,NV6577,20-Jan-18
T1741,2,NV343,20-Jan-18,NV6577,20-Jan-18
T1742,2,NV851,20-Jan-18,NV6738,20-Jan-18
T1743,2,NV851,20-Jan-18,NV6154,20-Jan-18
T1744,2,NV851,20-Jan-18,NV6154,20-Jan-18
T1745,2,NV851,20-Jan-18,NV6154,20-Jan-18
T1746,2,NV851,20-Jan-18,NV3263,20-Jan-18
T1747,1,NV851,20-Jan-18,NV6734,20-Jan-18
T1748,2,NV851,20-Jan-18,NV336,20-Jan-18
T1749,1,NV851,20-Jan-18,NV336,20-Jan-18
T1750,1,NV851,20-Jan-18,NV6616,20-Jan-18
T1751,2,NV851,20-Jan-18,NV6230,20-Jan-18
T1752,2,NV851,20-Jan-18,NV6230,20-Jan-18
T1753,1,NV851,20-Jan-18,NV6230,20-Jan-18
T1754,1,NV851,20-Jan-18,NV6514,20-Jan-18
T1755,2,NV851,20-Jan-18,NV6152,20-Jan-18
T1756,2,NV851,20-Jan-18,NV6152,20-Jan-18
T1757,2,NV851,20-Jan-18,NV6152,20-Jan-18
T1758,1,NV851,20-Jan-18,NV6152,20-Jan-18
T1759,1,NV851,20-Jan-18,NV6576,20-Jan-18
T1760,2,NV851,20-Jan-18,NV6577,20-Jan-18
T1761,1,NV851,20-Jan-18,NV3280,20-Jan-18
T1762,1,NV689,20-Jan-18,NV3263,20-Jan-18
T1763,2,NV689,20-Jan-18,NV6734,20-Jan-18
T1764,2,NV689,20-Jan-18,NV612,20-Jan-18
T1765,2,NV689,20-Jan-18,NV612,20-Jan-18
T1766,1,NV689,20-Jan-18,NV612,20-Jan-18
T1767,2,NV689,20-Jan-18,NV6616,20-Jan-18
T1768,1,NV689,20-Jan-18,NV6616,20-Jan-18
T1769,2,NV689,20-Jan-18,NV6230,20-Jan-18
T1770,2,NV689,20-Jan-18,NV6230,20-Jan-18
T1771,2,NV689,20-Jan-18,NV6230,20-Jan-18
T1772,2,NV689,20-Jan-18,NV6230,20-Jan-18
T1773,2,NV689,20-Jan-18,NV6446,20-Jan-18
T1774,2,NV689,20-Jan-18,NV6446,20-Jan-18
T1775,2,NV689,20-Jan-18,NV6446,20-Jan-18
T1776,2,NV689,20-Jan-18,NV6446,20-Jan-18
T1777,2,NV689,20-Jan-18,NV6446,20-Jan-18
T1778,1,NV689,20-Jan-18,NV6446,20-Jan-18
T1779,2,NV689,20-Jan-18,NV634,20-Jan-18
T1780,2,NV689,20-Jan-18,NV6152,20-Jan-18
T1781,2,NV689,20-Jan-18,NV6152,20-Jan-18
T1782,2,NV689,20-Jan-18,NV6152,20-Jan-18
T1783,2,NV689,20-Jan-18,NV6152,20-Jan-18
T1784,2,NV689,20-Jan-18,NV6152,20-Jan-18
T1785,1,NV689,20-Jan-18,NV6152,20-Jan-18
T1786,2,NV689,20-Jan-18,NV678,20-Jan-18
T1787,2,NV689,20-Jan-18,NV678,20-Jan-18
T1788,2,NV689,20-Jan-18,NV678,20-Jan-18
T1789,2,NV689,20-Jan-18,NV678,20-Jan-18
T1790,2,NV689,20-Jan-18,NV678,20-Jan-18
T1791,1,NV689,20-Jan-18,NV678,20-Jan-18
T1792,2,NV689,20-Jan-18,NV630,20-Jan-18
T1793,2,NV689,20-Jan-18,NV6700,20-Jan-18
T1794,1,NV689,20-Jan-18,NV6577,20-Jan-18
T1795,2,NV689,20-Jan-18,NV6684,20-Jan-18
T1796,2,NV689,20-Jan-18,NV866,20-Jan-18
T1797,2,NV689,20-Jan-18,NV866,20-Jan-18
T1798,2,NV689,20-Jan-18,NV316,20-Jan-18
T1799,2,NV689,20-Jan-18,NV6160,20-Jan-18
T1800,2,NV689,20-Jan-18,NV3196,20-Jan-18
T1801,2,NV689,20-Jan-18,NV3196,20-Jan-18
T1802,1,NV689,20-Jan-18,NV6644,20-Jan-18
T1803,1,NV883,20-Jan-18,NV6616,20-Jan-18
T1804,2,NV883,20-Jan-18,NV6230,20-Jan-18
T1805,2,NV883,20-Jan-18,NV6230,20-Jan-18
T1806,2,NV883,20-Jan-18,NV6514,20-Jan-18
T1807,1,NV883,20-Jan-18,NV6514,20-Jan-18
T1808,2,NV883,20-Jan-18,NV6612,20-Jan-18
T1809,2,NV883,20-Jan-18,NV6577,20-Jan-18
T1810,2,NV883,20-Jan-18,NV6577,20-Jan-18
T1811,2,NV883,20-Jan-18,NV6577,20-Jan-18
T1812,2,NV883,20-Jan-18,NV6577,20-Jan-18
T1813,2,NV883,20-Jan-18,NV6577,20-Jan-18
T1814,2,NV883,20-Jan-18,NV6577,20-Jan-18
T1815,2,NV883,20-Jan-18,NV6577,20-Jan-18
T1816,2,NV883,20-Jan-18,NV6577,20-Jan-18
T1817,2,NV883,20-Jan-18,NV3280,20-Jan-18
T1818,2,NV883,20-Jan-18,NV3280,20-Jan-18
T1819,2,NV883,20-Jan-18,NV3280,20-Jan-18
T1820,1,NV883,20-Jan-18,NV3280,20-Jan-18
T1821,1,NV883,20-Jan-18,NV316,20-Jan-18
T1822,1,NV883,20-Jan-18,NV6160,20-Jan-18
T1823,2,NV883,20-Jan-18,NV3196,20-Jan-18
T1824,2,NV883,20-Jan-18,NV3196,20-Jan-18
T1825,2,NV883,20-Jan-18,NV3196,20-Jan-18
T1826,2,NV883,20-Jan-18,NV3196,20-Jan-18
T1827,2,NV883,20-Jan-18,NV3196,20-Jan-18
T1828,2,NV883,20-Jan-18,NV3196,20-Jan-18
T1829,2,NV883,20-Jan-18,NV3196,20-Jan-18
T1830,2,NV883,20-Jan-18,GN0628,20-Jan-18
T1831,1,NV883,20-Jan-18,GN0628,20-Jan-18
T1832,2,NV883,20-Jan-18,NV6773,20-Jan-18
T1833,2,NV883,20-Jan-18,NV6773,20-Jan-18
T1834,2,NV883,20-Jan-18,NV6773,20-Jan-18
T1835,2,NV883,20-Jan-18,NV6773,20-Jan-18
T1836,2,NV883,20-Jan-18,NV6773,20-Jan-18
T1837,2,NV883,20-Jan-18,NV6773,20-Jan-18
T1838,2,NV883,20-Jan-18,NV6773,20-Jan-18
T1839,2,NV883,20-Jan-18,NV6773,20-Jan-18
T1840,2,NV883,20-Jan-18,NV6773,20-Jan-18
T1841,2,NV883,20-Jan-18,NV6773,20-Jan-18
T1842,2,NV883,20-Jan-18,NV6773,20-Jan-18
T1843,2,NV883,20-Jan-18,NV6773,20-Jan-18
T1844,2,NV883,20-Jan-18,NV6773,20-Jan-18
T1845,2,NV883,20-Jan-18,NV6773,20-Jan-18
T1846,2,NV883,20-Jan-18,NV6773,20-Jan-18
T1847,2,NV6157,20-Jan-18,NV3196,20-Jan-18
T1848,1,NV6157,20-Jan-18,NV3196,20-Jan-18
T1849,1,NV6157,20-Jan-18,NV698,20-Jan-18
T1850,1,NV665,20-Jan-18,NV6734,20-Jan-18
T1851,1,NV665,20-Jan-18,NV336,20-Jan-18
T1852,2,NV665,20-Jan-18,NV6616,20-Jan-18
T1853,1,NV665,20-Jan-18,NV6616,20-Jan-18
T1854,1,NV665,20-Jan-18,GN0630,20-Jan-18
T1855,2,NV665,20-Jan-18,NV6504,20-Jan-18
T1856,1,NV665,20-Jan-18,NV678,20-Jan-18
T1857,1,NV665,20-Jan-18,NV6576,20-Jan-18
T1858,1,NV665,20-Jan-18,NV6576,20-Jan-18
T1859,2,NV665,20-Jan-18,NV6612,20-Jan-18
T1860,2,NV665,20-Jan-18,NV6612,20-Jan-18
T1861,2,NV665,20-Jan-18,NV6612,20-Jan-18
T1862,2,NV665,20-Jan-18,NV6612,20-Jan-18
T1863,2,NV665,20-Jan-18,NV6612,20-Jan-18
T1864,1,NV665,20-Jan-18,NV6612,20-Jan-18
T1865,1,NV665,20-Jan-18,NV316,20-Jan-18
T1866,1,NV665,20-Jan-18,NV6644,20-Jan-18
T1867,2,NV665,20-Jan-18,GN0628,20-Jan-18
T1868,1,NV665,20-Jan-18,GN0628,20-Jan-18
T1869,1,NV665,20-Jan-18,NV628,20-Jan-18
T1870,1,NV393,20-Jan-18,NV634,20-Jan-18
T1871,2,NV393,20-Jan-18,NV6160,20-Jan-18
T1872,1,NV393,20-Jan-18,NV628,20-Jan-18
T1873,2,NV393,20-Jan-18,NV318,20-Jan-18
T1874,2,NV393,20-Jan-18,NV318,20-Jan-18
T1875,2,NV393,20-Jan-18,NV318,20-Jan-18
T1876,1,NV393,20-Jan-18,NV318,20-Jan-18
T1877,2,NV659,20-Jan-18,NV6616,20-Jan-18
T1878,2,NV659,20-Jan-18,NV634,20-Jan-18
T1879,1,NV659,20-Jan-18,NV634,20-Jan-18
T1880,2,NV659,20-Jan-18,NV6152,20-Jan-18
T1881,2,NV659,20-Jan-18,NV6152,20-Jan-18
T1882,2,NV659,20-Jan-18,NV306,20-Jan-18
T1883,2,NV659,20-Jan-18,NV306,20-Jan-18
T1884,2,NV659,20-Jan-18,NV306,20-Jan-18
T1885,1,NV659,20-Jan-18,NV630,20-Jan-18
T1886,2,NV659,20-Jan-18,NV6577,20-Jan-18
T1887,1,NV659,20-Jan-18,NV6160,20-Jan-18
T1888,2,NV659,20-Jan-18,NV698,20-Jan-18
T1889,2,NV659,20-Jan-18,NV698,20-Jan-18
T1890,2,NV659,20-Jan-18,NV698,20-Jan-18
T1891,2,NV659,20-Jan-18,NV698,20-Jan-18
T1892,1,NV659,20-Jan-18,NV698,20-Jan-18
T1893,2,NV659,20-Jan-18,NV828,20-Jan-18
T1894,2,NV659,20-Jan-18,NV318,20-Jan-18
T1895,2,NV659,20-Jan-18,NV318,20-Jan-18
T1896,2,NV659,20-Jan-18,NV318,20-Jan-18
T1897,2,NV659,20-Jan-18,NV318,20-Jan-18
T1898,1,NV659,20-Jan-18,NV318,20-Jan-18
T1899,2,NV6700,20-Jan-18,NV626,20-Jan-18
T1900,2,NV6700,20-Jan-18,NV626,20-Jan-18
T1901,1,NV6700,20-Jan-18,NV626,20-Jan-18
T1902,2,NV6700,20-Jan-18,NV3120,20-Jan-18
T1903,2,NV6700,20-Jan-18,NV698,20-Jan-18
T1904,2,NV6700,20-Jan-18,NV670,20-Jan-18
T1905,2,NV3992,20-Jan-18,NV316,20-Jan-18
T1906,2,NV3992,20-Jan-18,NV6160,20-Jan-18
T1907,2,NV3992,20-Jan-18,NV628,20-Jan-18
T1908,1,NV3992,20-Jan-18,NV628,20-Jan-18
T1909,2,NV3992,20-Jan-18,NV6773,20-Jan-18
T1910,2,NV3992,20-Jan-18,NV6773,20-Jan-18
T1911,2,NV3992,20-Jan-18,NV698,20-Jan-18
T1912,1,NV3992,20-Jan-18,NV698,20-Jan-18
T1913,1,NV3992,20-Jan-18,NV820,20-Jan-18
T1914,2,NV3992,20-Jan-18,NV828,20-Jan-18
T1915,2,NV3992,20-Jan-18,NV632,20-Jan-18
T1916,1,NV3992,20-Jan-18,NV632,20-Jan-18
T1917,2,NV3992,20-Jan-18,NV318,20-Jan-18
T1918,2,NV3992,20-Jan-18,NV318,20-Jan-18
T1919,2,NV3992,20-Jan-18,NV346,20-Jan-18
T1920,1,NV3992,20-Jan-18,NV346,20-Jan-18
T1921,2,NV3992,20-Jan-18,NV670,20-Jan-18
T1922,2,NV3992,20-Jan-18,NV670,20-Jan-18
T1923,2,NV3992,20-Jan-18,NV670,20-Jan-18
T1924,1,NV3992,20-Jan-18,NV810,20-Jan-18
T1925,2,NV6135,20-Jan-18,NV318,20-Jan-18
T1926,1,NV6135,20-Jan-18,NV670,20-Jan-18
T1927,2,NV6135,20-Jan-18,NV810,20-Jan-18
T1928,2,NV6135,20-Jan-18,NV810,20-Jan-18
T1929,2,NV6135,20-Jan-18,NV810,20-Jan-18
T1930,2,NV6135,20-Jan-18,NV810,20-Jan-18
T1931,2,NV6135,20-Jan-18,NV303,20-Jan-18
T1932,2,NV6135,20-Jan-18,NV694,20-Jan-18
T1933,2,NV6135,20-Jan-18,NV694,20-Jan-18
T1934,1,NV6135,20-Jan-18,NV694,20-Jan-18
T1935,1,NV6135,20-Jan-18,NV692,20-Jan-18
T1936,2,NV6577,20-Jan-18,NV698,20-Jan-18
T1937,2,NV6577,20-Jan-18,NV632,20-Jan-18
T1938,1,NV6577,20-Jan-18,NV632,20-Jan-18
T1939,2,NV6577,20-Jan-18,NV318,20-Jan-18
T1940,2,NV6577,20-Jan-18,NV6144,20-Jan-18
T1941,2,NV6577,20-Jan-18,NV858,20-Jan-18
T1942,1,NV6577,20-Jan-18,NV670,20-Jan-18
T1943,2,NV6577,20-Jan-18,NV694,20-Jan-18
T1944,1,NV6577,20-Jan-18,NV694,20-Jan-18
T1945,2,NV6697,20-Jan-18,NV698,20-Jan-18
T1946,2,NV6697,20-Jan-18,NV698,20-Jan-18
T1947,2,NV6697,20-Jan-18,NV828,20-Jan-18
T1948,2,NV6697,20-Jan-18,NV346,20-Jan-18
T1949,1,NV6697,20-Jan-18,NV858,20-Jan-18
T1950,2,NV6697,20-Jan-18,NV670,20-Jan-18
T1951,2,NV6697,20-Jan-18,NV670,20-Jan-18
T1952,2,NV6697,20-Jan-18,NV670,20-Jan-18
T1953,2,NV6697,20-Jan-18,NV670,20-Jan-18
T1954,1,NV6697,20-Jan-18,NV810,20-Jan-18
T1955,2,NV6697,20-Jan-18,NV898,20-Jan-18
T1956,2,NV6697,20-Jan-18,NV898,20-Jan-18
T1957,2,NV6697,20-Jan-18,NV898,20-Jan-18
T1958,2,NV6697,20-Jan-18,NV898,20-Jan-18
T1959,2,NV6697,20-Jan-18,NV898,20-Jan-18
T1960,1,NV6697,20-Jan-18,NV898,20-Jan-18
T1961,1,NV6697,20-Jan-18,NV692,20-Jan-18
T1962,1,NV6645,20-Jan-18,NV618,20-Jan-18
T1963,2,NV6645,20-Jan-18,NV632,20-Jan-18
T1964,1,NV6645,20-Jan-18,NV318,20-Jan-18
T1965,1,NV6645,20-Jan-18,NV614,20-Jan-18
T1966,1,NV6645,20-Jan-18,NV694,20-Jan-18
T1967,2,NV6698,20-Jan-18,NV628,20-Jan-18
T1968,1,NV6698,20-Jan-18,NV628,20-Jan-18
T1969,1,NV6698,20-Jan-18,NV3120,20-Jan-18
T1970,2,NV6698,20-Jan-18,NV820,20-Jan-18
T1971,2,NV6698,20-Jan-18,NV820,20-Jan-18
T1972,2,NV6698,20-Jan-18,NV632,20-Jan-18
T1973,2,NV6698,20-Jan-18,NV632,20-Jan-18
T1974,2,NV6698,20-Jan-18,NV858,20-Jan-18
T1975,1,NV6698,20-Jan-18,NV858,20-Jan-18
T1976,1,NV6698,20-Jan-18,NV810,20-Jan-18
T1977,2,NV6698,20-Jan-18,NV640,20-Jan-18
T1978,2,NV3620,20-Jan-18,NV628,20-Jan-18
T1979,1,NV3620,20-Jan-18,NV3120,20-Jan-18
T1980,1,NV3620,20-Jan-18,NV820,20-Jan-18
T1981,2,NV3620,20-Jan-18,NV828,20-Jan-18
T1982,2,NV3620,20-Jan-18,NV318,20-Jan-18
T1983,2,NV3620,20-Jan-18,NV346,20-Jan-18
T1984,1,NV3620,20-Jan-18,NV346,20-Jan-18
T1985,1,NV3620,20-Jan-18,NV6118,20-Jan-18
T1986,2,NV6684,20-Jan-18,NV618,20-Jan-18
T1987,2,NV6684,20-Jan-18,NV618,20-Jan-18
T1988,2,NV6684,20-Jan-18,NV618,20-Jan-18
T1989,2,NV6684,20-Jan-18,NV618,20-Jan-18
T1990,2,NV6684,20-Jan-18,NV618,20-Jan-18
T1991,2,NV6684,20-Jan-18,NV618,20-Jan-18
T1992,2,NV6684,20-Jan-18,NV618,20-Jan-18
T1993,2,NV6684,20-Jan-18,NV618,20-Jan-18
T1994,1,NV6684,20-Jan-18,NV698,20-Jan-18
T1995,2,NV6684,20-Jan-18,NV632,20-Jan-18
T1996,1,NV6684,20-Jan-18,NV632,20-Jan-18
T1997,2,NV6684,20-Jan-18,NV318,20-Jan-18
T1998,1,NV6684,20-Jan-18,NV318,20-Jan-18
T1999,2,NV6684,20-Jan-18,NV346,20-Jan-18
T2000,1,NV6684,20-Jan-18,NV346,20-Jan-18
T2001,1,NV6684,20-Jan-18,NV614,20-Jan-18
T2002,1,NV6684,20-Jan-18,NV670,20-Jan-18
T2003,2,NV6684,20-Jan-18,NV810,20-Jan-18
T2004,1,NV6684,20-Jan-18,NV810,20-Jan-18
T2005,2,NV6684,20-Jan-18,NV694,20-Jan-18
T2006,1,NV6684,20-Jan-18,NV694,20-Jan-18
T2007,2,GN0631,20-Jan-18,NV670,20-Jan-18
T2008,2,GN0631,20-Jan-18,NV670,20-Jan-18
T2009,1,NV628,20-Jan-18,NV3120,20-Jan-18
T2010,1,NV628,20-Jan-18,NV698,20-Jan-18
T2011,1,NV628,20-Jan-18,NV820,20-Jan-18
T2012,2,NV628,20-Jan-18,NV828,20-Jan-18
T2013,1,NV628,20-Jan-18,NV632,20-Jan-18
T2014,2,NV628,20-Jan-18,NV318,20-Jan-18
T2015,2,NV628,20-Jan-18,NV318,20-Jan-18
T2016,2,NV628,20-Jan-18,NV318,20-Jan-18
T2017,2,NV628,20-Jan-18,NV858,20-Jan-18
T2018,1,NV628,20-Jan-18,NV670,20-Jan-18
T2019,2,NV628,20-Jan-18,NV398,20-Jan-18
T2020,2,NV628,20-Jan-18,NV398,20-Jan-18
T2021,1,NV698,20-Jan-18,NV820,20-Jan-18
T2022,2,NV698,20-Jan-18,NV318,20-Jan-18
T2023,2,NV698,20-Jan-18,NV318,20-Jan-18
T2024,2,NV698,20-Jan-18,NV318,20-Jan-18
T2025,1,NV698,20-Jan-18,NV318,20-Jan-18
T2026,2,NV698,20-Jan-18,NV6144,20-Jan-18
T2027,2,NV698,20-Jan-18,NV6144,20-Jan-18
T2028,1,NV698,20-Jan-18,NV6144,20-Jan-18
T2029,2,NV698,20-Jan-18,NV670,20-Jan-18
T2030,2,NV698,20-Jan-18,NV670,20-Jan-18
T2031,1,NV698,20-Jan-18,NV670,20-Jan-18
T2032,2,NV698,20-Jan-18,NV810,20-Jan-18
T2033,2,NV698,20-Jan-18,NV898,20-Jan-18
T2034,2,NV698,20-Jan-18,NV898,20-Jan-18
T2035,1,NV698,20-Jan-18,NV898,20-Jan-18
T2036,2,NV698,20-Jan-18,NV398,20-Jan-18
T2037,1,NV698,20-Jan-18,NV690,20-Jan-18
T2038,2,NV6773,20-Jan-18,NV618,20-Jan-18
T2039,2,NV6773,20-Jan-18,NV618,20-Jan-18
T2040,2,NV6773,20-Jan-18,NV618,20-Jan-18
T2041,1,NV6773,20-Jan-18,NV618,20-Jan-18
T2042,1,NV6773,20-Jan-18,NV828,20-Jan-18
T2043,1,NV6773,20-Jan-18,NV318,20-Jan-18
T2044,2,NV6773,20-Jan-18,NV6118,20-Jan-18
T2045,1,NV6773,20-Jan-18,NV614,20-Jan-18
T2046,1,NV6773,20-Jan-18,NV670,20-Jan-18
T2047,2,NV6773,20-Jan-18,NV305,20-Jan-18
T2048,2,NV6773,20-Jan-18,NV692,20-Jan-18
T2049,2,NV6773,20-Jan-18,NV692,20-Jan-18
T2050,1,NV6773,20-Jan-18,NV692,20-Jan-18
T2051,1,NV3513,20-Jan-18,NV3120,20-Jan-18
T2052,1,NV3513,20-Jan-18,NV820,20-Jan-18
T2053,2,NV3513,20-Jan-18,NV346,20-Jan-18
T2054,2,NV3513,20-Jan-18,NV346,20-Jan-18
T2055,2,NV3513,20-Jan-18,NV346,20-Jan-18
T2056,1,NV3513,20-Jan-18,NV346,20-Jan-18
T2057,1,NV3513,20-Jan-18,NV670,20-Jan-18
T2058,1,NV3513,20-Jan-18,NV694,20-Jan-18
T2059,2,NV3513,20-Jan-18,NV674,20-Jan-18
T2060,1,NV6655,20-Jan-18,NV318,20-Jan-18
T2061,2,NV6655,20-Jan-18,NV670,20-Jan-18
T2062,1,NV6655,20-Jan-18,NV670,20-Jan-18
T2063,1,NV6655,20-Jan-18,NV6713,20-Jan-18
T2064,2,NV6655,20-Jan-18,NV640,20-Jan-18
T2065,1,NV6655,20-Jan-18,NV662,20-Jan-18
T2066,1,NV6655,20-Jan-18,NV6488,20-Jan-18
T2067,1,NV6655,20-Jan-18,NV674,20-Jan-18
T2068,2,GN0571,20-Jan-18,NV318,20-Jan-18
T2069,2,NV6533,20-Jan-18,NV3120,20-Jan-18
T2070,2,NV6533,20-Jan-18,NV698,20-Jan-18
T2071,1,NV6533,20-Jan-18,NV828,20-Jan-18
T2072,2,NV6533,20-Jan-18,NV318,20-Jan-18
T2073,2,NV6533,20-Jan-18,NV318,20-Jan-18
T2074,2,NV6533,20-Jan-18,NV318,20-Jan-18
T2075,1,NV6533,20-Jan-18,NV318,20-Jan-18
T2076,2,NV6533,20-Jan-18,NV346,20-Jan-18
T2077,2,NV6533,20-Jan-18,NV858,20-Jan-18
T2078,1,NV6533,20-Jan-18,NV858,20-Jan-18
T2079,1,NV6533,20-Jan-18,NV6510,20-Jan-18
T2080,1,NV6163,20-Jan-18,NV618,20-Jan-18
T2081,2,NV6163,20-Jan-18,NV698,20-Jan-18
T2082,1,NV6163,20-Jan-18,NV346,20-Jan-18
T2083,1,NV6163,20-Jan-18,NV670,20-Jan-18
T2084,2,NV6163,20-Jan-18,NV810,20-Jan-18
T2085,2,NV6163,20-Jan-18,NV898,20-Jan-18
T2086,2,NV6163,20-Jan-18,NV674,20-Jan-18
T2087,2,NV6163,20-Jan-18,NV674,20-Jan-18
T2088,2,NV6163,20-Jan-18,NV674,20-Jan-18
T2089,2,NV6163,20-Jan-18,NV674,20-Jan-18
T2090,2,NV6163,20-Jan-18,NV676,20-Jan-18
T2091,2,NV6163,20-Jan-18,NV676,20-Jan-18
T2092,1,NV6163,20-Jan-18,NV676,20-Jan-18
T2093,1,NV6625,20-Jan-18,NV676,20-Jan-18
T2094,1,NV3612,20-Jan-18,NV690,20-Jan-18
T2095,1,NV6479,20-Jan-18,NV698,20-Jan-18
T2096,2,NV6479,20-Jan-18,NV820,20-Jan-18
T2097,2,NV6479,20-Jan-18,NV820,20-Jan-18
T2098,2,NV6479,20-Jan-18,NV820,20-Jan-18
T2099,2,NV6479,20-Jan-18,NV820,20-Jan-18
T2100,1,NV6479,20-Jan-18,NV828,20-Jan-18
T2101,2,NV6479,20-Jan-18,NV318,20-Jan-18
T2102,1,NV6479,20-Jan-18,NV858,20-Jan-18
T2103,2,NV6479,20-Jan-18,NV670,20-Jan-18
T2104,1,NV6479,20-Jan-18,NV640,20-Jan-18
T2105,1,NV6479,20-Jan-18,NV662,20-Jan-18
T2106,2,NV6479,20-Jan-18,NV690,20-Jan-18
T2107,1,NV6479,20-Jan-18,NV690,20-Jan-18
T2108,1,NV837,20-Jan-18,NV820,20-Jan-18
T2109,2,NV837,20-Jan-18,NV318,20-Jan-18
T2110,1,NV837,20-Jan-18,NV346,20-Jan-18
T2111,1,NV837,20-Jan-18,NV6316,20-Jan-18
T2112,2,NV837,20-Jan-18,NV670,20-Jan-18
T2113,1,NV837,20-Jan-18,NV810,20-Jan-18
T2114,1,NV837,20-Jan-18,NV898,20-Jan-18
T2115,2,NV837,20-Jan-18,NV3194,20-Jan-18
T2116,1,NV6313,20-Jan-18,NV632,20-Jan-18
T2117,1,NV6313,20-Jan-18,NV6732,20-Jan-18
T2118,1,NV6313,20-Jan-18,NV6144,20-Jan-18
T2119,1,NV6313,20-Jan-18,NV3194,20-Jan-18
T2120,1,NV6313,20-Jan-18,NV6510,20-Jan-18
T2121,2,NV6294,20-Jan-18,NV698,20-Jan-18
T2122,2,NV6294,20-Jan-18,NV828,20-Jan-18
T2123,2,NV6294,20-Jan-18,NV318,20-Jan-18
T2124,1,NV6294,20-Jan-18,NV346,20-Jan-18
T2125,2,NV6294,20-Jan-18,NV614,20-Jan-18
T2126,1,NV6294,20-Jan-18,NV670,20-Jan-18
T2127,2,NV6294,20-Jan-18,NV898,20-Jan-18
T2128,1,NV6294,20-Jan-18,NV898,20-Jan-18
T2129,2,NV6294,20-Jan-18,NV398,20-Jan-18
T2130,2,NV6294,20-Jan-18,NV398,20-Jan-18
T2131,2,NV6294,20-Jan-18,NV398,20-Jan-18
T2132,1,NV6294,20-Jan-18,NV694,20-Jan-18
T2133,2,NV6513,20-Jan-18,NV698,20-Jan-18
T2134,1,NV6513,20-Jan-18,NV828,20-Jan-18
T2135,1,NV6513,20-Jan-18,NV318,20-Jan-18
T2136,2,NV6513,20-Jan-18,NV670,20-Jan-18
T2137,1,NV6513,20-Jan-18,NV898,20-Jan-18
T2138,1,NV6513,20-Jan-18,NV694,20-Jan-18
T2139,2,NV6443,20-Jan-18,NV632,20-Jan-18
T2140,1,NV6443,20-Jan-18,NV346,20-Jan-18
T2141,1,NV6443,20-Jan-18,NV858,20-Jan-18
T2142,2,NV6443,20-Jan-18,NV670,20-Jan-18
T2143,2,NV6443,20-Jan-18,NV670,20-Jan-18
T2144,1,NV6443,20-Jan-18,NV670,20-Jan-18
T2145,2,NV6443,20-Jan-18,NV810,20-Jan-18
T2146,1,NV6443,20-Jan-18,NV810,20-Jan-18
T2147,1,NV6443,20-Jan-18,NV6510,20-Jan-18
T2148,2,NV3120,20-Jan-18,NV318,20-Jan-18
T2149,1,NV3120,20-Jan-18,NV318,20-Jan-18
T2150,2,NV3120,20-Jan-18,NV6144,20-Jan-18
T2151,1,NV3120,20-Jan-18,NV6144,20-Jan-18
T2152,2,NV3120,20-Jan-18,NV858,20-Jan-18
T2153,2,NV3120,20-Jan-18,NV858,20-Jan-18
T2154,2,NV3120,20-Jan-18,NV858,20-Jan-18
T2155,2,NV3120,20-Jan-18,NV858,20-Jan-18
T2156,2,NV3120,20-Jan-18,NV858,20-Jan-18
T2157,1,NV3120,20-Jan-18,NV858,20-Jan-18
T2158,1,NV3120,20-Jan-18,NV670,20-Jan-18
T2159,1,NV3120,20-Jan-18,NV810,20-Jan-18
T2160,2,NV3120,20-Jan-18,NV898,20-Jan-18
T2161,1,NV3120,20-Jan-18,NV640,20-Jan-18
T2162,2,NV3120,20-Jan-18,NV662,20-Jan-18
T2163,1,NV3120,20-Jan-18,NV694,20-Jan-18
T2164,1,NV632,20-Jan-18,NV318,20-Jan-18
T2165,2,NV632,20-Jan-18,NV346,20-Jan-18
T2166,1,NV632,20-Jan-18,NV346,20-Jan-18
T2167,2,NV632,20-Jan-18,NV858,20-Jan-18
T2168,1,NV632,20-Jan-18,NV898,20-Jan-18
T2169,2,NV632,20-Jan-18,NV692,20-Jan-18
T2170,1,NV632,20-Jan-18,NV690,20-Jan-18
T2171,2,NV323,20-Jan-18,NV318,20-Jan-18
T2172,2,NV323,20-Jan-18,NV318,20-Jan-18
T2173,2,NV323,20-Jan-18,NV318,20-Jan-18
T2174,2,NV323,20-Jan-18,NV318,20-Jan-18
T2175,2,NV323,20-Jan-18,NV318,20-Jan-18
T2176,2,NV323,20-Jan-18,NV318,20-Jan-18
T2177,2,NV323,20-Jan-18,NV318,20-Jan-18
T2178,2,NV323,20-Jan-18,NV318,20-Jan-18
T2179,2,NV323,20-Jan-18,NV318,20-Jan-18
T2180,2,NV323,20-Jan-18,NV318,20-Jan-18
T2181,2,NV323,20-Jan-18,NV318,20-Jan-18
T2182,2,NV323,20-Jan-18,NV318,20-Jan-18
T2183,2,NV323,20-Jan-18,NV318,20-Jan-18
T2184,2,NV323,20-Jan-18,NV318,20-Jan-18
T2185,2,NV323,20-Jan-18,NV318,20-Jan-18
T2186,2,NV323,20-Jan-18,NV318,20-Jan-18
T2187,2,NV323,20-Jan-18,NV318,20-Jan-18
T2188,2,NV323,20-Jan-18,NV318,20-Jan-18
T2189,2,NV323,20-Jan-18,NV318,20-Jan-18
T2190,2,NV323,20-Jan-18,NV318,20-Jan-18
T2191,2,NV323,20-Jan-18,NV318,20-Jan-18
T2192,2,NV323,20-Jan-18,NV318,20-Jan-18
T2193,1,NV323,20-Jan-18,NV810,20-Jan-18
T2194,2,NV323,20-Jan-18,NV898,20-Jan-18
T2195,1,NV323,20-Jan-18,NV898,20-Jan-18
T2196,2,NV323,20-Jan-18,NV694,20-Jan-18
T2197,2,NV323,20-Jan-18,NV694,20-Jan-18
T2198,2,NV323,20-Jan-18,NV694,20-Jan-18
T2199,2,NV323,20-Jan-18,NV694,20-Jan-18
T2200,2,NV323,20-Jan-18,NV694,20-Jan-18
T2201,2,NV323,20-Jan-18,NV694,20-Jan-18
T2202,2,NV323,20-Jan-18,NV694,20-Jan-18
T2203,2,NV323,20-Jan-18,NV694,20-Jan-18
T2204,1,NV323,20-Jan-18,NV694,20-Jan-18
T2205,2,NV323,20-Jan-18,NV6510,20-Jan-18
T2206,2,NV323,20-Jan-18,NV692,20-Jan-18
T2207,2,NV323,20-Jan-18,NV692,20-Jan-18
T2208,2,NV323,20-Jan-18,NV692,20-Jan-18
T2209,2,NV323,20-Jan-18,NV692,20-Jan-18
T2210,2,NV323,20-Jan-18,NV692,20-Jan-18
T2211,2,NV323,20-Jan-18,NV692,20-Jan-18
T2212,2,NV323,20-Jan-18,NV692,20-Jan-18
T2213,2,NV323,20-Jan-18,NV692,20-Jan-18
T2214,2,NV323,20-Jan-18,NV692,20-Jan-18
T2215,2,NV323,20-Jan-18,NV692,20-Jan-18
T2216,2,NV323,20-Jan-18,NV692,20-Jan-18
T2217,1,NV323,20-Jan-18,NV692,20-Jan-18
T2218,2,NV323,20-Jan-18,NV690,20-Jan-18
T2219,2,NV323,20-Jan-18,NV690,20-Jan-18
T2220,2,NV323,20-Jan-18,NV690,20-Jan-18
T2221,2,NV323,20-Jan-18,NV690,20-Jan-18
T2222,1,NV323,20-Jan-18,NV690,20-Jan-18
T2223,2,NV687,20-Jan-18,NV6713,20-Jan-18
T2224,2,NV687,20-Jan-18,NV6488,20-Jan-18
T2225,1,NV687,20-Jan-18,NV6488,20-Jan-18
T2226,1,NV687,20-Jan-18,NV6540,20-Jan-18
T2227,2,NV687,20-Jan-18,NV6574,20-Jan-18
T2228,2,NV687,20-Jan-18,NV6574,20-Jan-18
T2229,2,NV6731,20-Jan-18,NV318,20-Jan-18
T2230,2,NV6731,20-Jan-18,NV346,20-Jan-18
T2231,2,NV6731,20-Jan-18,NV614,20-Jan-18
T2232,1,NV6731,20-Jan-18,NV614,20-Jan-18
T2233,2,NV6731,20-Jan-18,NV6713,20-Jan-18
T2234,1,NV6731,20-Jan-18,NV6713,20-Jan-18
T2235,1,NV6731,20-Jan-18,NV898,20-Jan-18
T2236,2,NV6731,20-Jan-18,NV3118,20-Jan-18
T2237,2,NV6731,20-Jan-18,NV6488,20-Jan-18
T2238,1,NV6731,20-Jan-18,NV6488,20-Jan-18
T2239,1,NV6731,20-Jan-18,NV610,20-Jan-18
T2240,1,NV6731,20-Jan-18,NV692,20-Jan-18
T2241,1,NV6731,20-Jan-18,NV674,20-Jan-18
T2242,2,NV820,20-Jan-18,NV676,20-Jan-18
T2243,2,NV820,20-Jan-18,NV676,20-Jan-18
T2244,2,NV820,20-Jan-18,NV676,20-Jan-18
T2245,2,NV820,20-Jan-18,NV676,20-Jan-18
T2246,2,NV820,20-Jan-18,NV676,20-Jan-18
T2247,2,NV858,20-Jan-18,NV6118,20-Jan-18
T2248,2,NV858,20-Jan-18,NV6144,20-Jan-18
T2249,2,NV858,20-Jan-18,NV6144,20-Jan-18
T2250,2,NV858,20-Jan-18,NV6144,20-Jan-18
T2251,2,NV858,20-Jan-18,NV6144,20-Jan-18
T2252,2,NV858,20-Jan-18,NV6144,20-Jan-18
T2253,2,NV858,20-Jan-18,NV6144,20-Jan-18
T2254,2,NV858,20-Jan-18,NV6144,20-Jan-18
T2255,2,NV858,20-Jan-18,NV6144,20-Jan-18
T2256,1,NV858,20-Jan-18,NV6144,20-Jan-18
T2257,1,NV858,20-Jan-18,NV398,20-Jan-18
T2258,1,NV858,20-Jan-18,NV694,20-Jan-18
T2259,1,NV858,20-Jan-18,NV690,20-Jan-18
T2260,2,NV6713,20-Jan-18,NV318,20-Jan-18
T2261,2,NV6713,20-Jan-18,NV318,20-Jan-18
T2262,1,NV6713,20-Jan-18,NV318,20-Jan-18
T2263,2,NV6713,20-Jan-18,NV346,20-Jan-18
T2264,2,NV6713,20-Jan-18,NV614,20-Jan-18
T2265,2,NV6713,20-Jan-18,NV614,20-Jan-18
T2266,2,NV6713,20-Jan-18,NV614,20-Jan-18
T2267,2,NV6713,20-Jan-18,NV614,20-Jan-18
T2268,2,NV6713,20-Jan-18,NV614,20-Jan-18
T2269,2,NV6713,20-Jan-18,NV670,20-Jan-18
T2270,1,NV6713,20-Jan-18,NV670,20-Jan-18
T2271,1,NV6713,20-Jan-18,NV810,20-Jan-18
T2272,1,NV6713,20-Jan-18,NV398,20-Jan-18
T2273,2,NV6713,20-Jan-18,NV610,20-Jan-18
T2274,1,NV6713,20-Jan-18,NV690,20-Jan-18
T2275,2,NV6713,20-Jan-18,NV674,20-Jan-18
T2276,2,NV6713,20-Jan-18,NV674,20-Jan-18
T2277,1,NV6713,20-Jan-18,NV676,20-Jan-18
T2278,1,NV303,20-Jan-18,NV810,20-Jan-18
T2279,1,NV303,20-Jan-18,NV692,20-Jan-18
T2280,2,NV303,20-Jan-18,NV3703,20-Jan-18
T2281,1,NV303,20-Jan-18,NV674,20-Jan-18
T2282,2,NV303,20-Jan-18,NV676,20-Jan-18
T2283,1,NV303,20-Jan-18,NV676,20-Jan-18
T2284,2,NV643,20-Jan-18,NV670,20-Jan-18
T2285,2,NV643,20-Jan-18,NV3194,20-Jan-18
T2286,2,NV643,20-Jan-18,NV6488,20-Jan-18
T2287,1,NV643,20-Jan-18,NV694,20-Jan-18
T2288,1,NV643,20-Jan-18,NV3703,20-Jan-18
T2289,2,NV643,20-Jan-18,NV6722,20-Jan-18
T2290,2,NV643,20-Jan-18,NV6722,20-Jan-18
T2291,1,NV643,20-Jan-18,NV6722,20-Jan-18
T2292,2,NV643,20-Jan-18,NV674,20-Jan-18
T2293,1,NV643,20-Jan-18,NV674,20-Jan-18
T2294,2,NV305,20-Jan-18,NV6488,20-Jan-18
T2295,2,NV305,20-Jan-18,NV6488,20-Jan-18
T2296,1,NV305,20-Jan-18,NV6540,20-Jan-18
T2297,1,NV305,20-Jan-18,NV690,20-Jan-18
T2298,2,NV305,20-Jan-18,NV676,20-Jan-18
T2299,2,NV6785,20-Jan-18,NV640,20-Jan-18
T2300,2,NV6785,20-Jan-18,NV662,20-Jan-18
T2301,1,NV6785,20-Jan-18,NV662,20-Jan-18
T2302,2,NV6785,20-Jan-18,NV610,20-Jan-18
T2303,2,NV6785,20-Jan-18,NV610,20-Jan-18
T2304,2,NV6785,20-Jan-18,NV610,20-Jan-18
T2305,2,NV6785,20-Jan-18,NV610,20-Jan-18
T2306,2,NV6785,20-Jan-18,NV610,20-Jan-18
T2307,2,NV6785,20-Jan-18,NV610,20-Jan-18
T2308,1,NV6785,20-Jan-18,NV694,20-Jan-18
T2309,2,NV6785,20-Jan-18,NV692,20-Jan-18
T2310,1,NV6785,20-Jan-18,NV690,20-Jan-18
T2311,2,NV6785,20-Jan-18,NV674,20-Jan-18
T2312,1,NV6785,20-Jan-18,NV676,20-Jan-18
T2313,2,NV6307,20-Jan-18,NV640,20-Jan-18
T2314,1,NV6307,20-Jan-18,NV640,20-Jan-18
T2315,2,NV6307,20-Jan-18,NV662,20-Jan-18
T2316,2,NV6307,20-Jan-18,NV662,20-Jan-18
T2317,2,NV6307,20-Jan-18,NV690,20-Jan-18
T2318,1,NV6307,20-Jan-18,NV6198,20-Jan-18
T2319,2,NV6535,20-Jan-18,NV640,20-Jan-18
T2320,2,NV6535,20-Jan-18,NV640,20-Jan-18
T2321,1,NV6535,20-Jan-18,NV692,20-Jan-18
T2322,1,NV6535,20-Jan-18,NV690,20-Jan-18
T2323,2,NV6535,20-Jan-18,NV6198,20-Jan-18
T2324,2,NV841,20-Jan-18,NV3703,20-Jan-18
T2325,2,NV841,20-Jan-18,NV3703,20-Jan-18
T2326,2,NV841,20-Jan-18,NV3703,20-Jan-18
T2327,2,NV841,20-Jan-18,NV3703,20-Jan-18
T2328,2,NV841,20-Jan-18,NV3703,20-Jan-18
T2329,2,NV841,20-Jan-18,NV3703,20-Jan-18
T2330,2,NV841,20-Jan-18,NV3703,20-Jan-18
T2331,2,NV841,20-Jan-18,NV3703,20-Jan-18
T2332,1,NV841,20-Jan-18,NV3703,20-Jan-18
T2333,1,NV841,20-Jan-18,NV6540,20-Jan-18
T2334,2,NV841,20-Jan-18,NV3269,20-Jan-18
T2335,2,NV841,20-Jan-18,NV674,20-Jan-18
T2336,2,NV841,20-Jan-18,NV674,20-Jan-18
T2337,2,NV841,20-Jan-18,NV674,20-Jan-18
T2338,2,NV841,20-Jan-18,NV6574,20-Jan-18
T2339,2,NV835,20-Jan-18,NV6722,20-Jan-18
T2340,2,NV835,20-Jan-18,NV690,20-Jan-18
T2341,1,NV835,20-Jan-18,NV6198,20-Jan-18
T2342,2,NV835,20-Jan-18,NV6718,20-Jan-18
T2343,2,NV835,20-Jan-18,NV6718,20-Jan-18
T2344,1,NV835,20-Jan-18,NV6718,20-Jan-18
T2345,1,NV835,20-Jan-18,NV383,20-Jan-18
T2346,1,NV6749,20-Jan-18,NV6742,20-Jan-18
T2347,1,NV3703,20-Jan-18,NV6540,20-Jan-18
T2348,2,NV3703,20-Jan-18,NV6722,20-Jan-18
T2349,2,NV3703,20-Jan-18,NV6718,20-Jan-18
T2350,2,NV3703,20-Jan-18,NV6718,20-Jan-18
T2351,2,NV3703,20-Jan-18,NV6742,20-Jan-18
T2352,2,NV3703,20-Jan-18,NV6742,20-Jan-18
T2353,2,NV3703,20-Jan-18,NV6742,20-Jan-18
T2354,2,NV3703,20-Jan-18,NV6742,20-Jan-18
T2355,2,NV3703,20-Jan-18,NV6742,20-Jan-18
T2356,1,NV3703,20-Jan-18,NV6742,20-Jan-18
T2357,1,GN0375,20-Jan-18,NV382,20-Jan-18
T2358,2,NV674,20-Jan-18,NV6116,20-Jan-18
T2359,1,NV674,20-Jan-18,NV6116,20-Jan-18
T2360,1,NV674,20-Jan-18,NV656,20-Jan-18
T2361,1,NV674,20-Jan-18,NV616,20-Jan-18
T2362,2,NV674,20-Jan-18,NV682,20-Jan-18
T2363,2,NV3287,20-Jan-18,NV616,20-Jan-18
T2364,2,NV3266,20-Jan-18,NV686,20-Jan-18
T2365,1,NV3266,20-Jan-18,NV686,20-Jan-18
T2366,1,NV6155,20-Jan-18,NV6574,20-Jan-18
T2367,1,NV6155,20-Jan-18,NV6318,20-Jan-18
T2368,2,NV6155,20-Jan-18,NV656,20-Jan-18
T2369,2,NV6155,20-Jan-18,NV656,20-Jan-18
T2370,2,NV6155,20-Jan-18,NV656,20-Jan-18
T2371,2,NV6155,20-Jan-18,NV656,20-Jan-18
T2372,2,NV6155,20-Jan-18,NV656,20-Jan-18
T2373,2,NV6155,20-Jan-18,NV656,20-Jan-18
T2374,2,NV6155,20-Jan-18,NV656,20-Jan-18
T2375,2,NV6155,20-Jan-18,NV656,20-Jan-18
T2376,2,NV6155,20-Jan-18,NV656,20-Jan-18
T2377,2,NV6155,20-Jan-18,NV656,20-Jan-18
T2378,2,NV6155,20-Jan-18,NV656,20-Jan-18
T2379,2,NV6155,20-Jan-18,NV656,20-Jan-18
T2380,2,NV6155,20-Jan-18,NV656,20-Jan-18
T2381,2,NV6155,20-Jan-18,NV6742,20-Jan-18
T2382,2,NV6155,20-Jan-18,NV6742,20-Jan-18
T2383,2,NV6155,20-Jan-18,NV629,20-Jan-18
T2384,2,NV6155,20-Jan-18,NV629,20-Jan-18
T2385,2,NV6155,20-Jan-18,NV629,20-Jan-18
T2386,1,NV6155,20-Jan-18,NV3273,20-Jan-18
T2387,2,NV6735,20-Jan-18,NV6318,20-Jan-18
T2388,1,NV6735,20-Jan-18,NV6116,20-Jan-18
T2389,2,NV6735,20-Jan-18,NV656,20-Jan-18
T2390,2,NV6735,20-Jan-18,NV656,20-Jan-18
T2391,2,NV6735,20-Jan-18,NV656,20-Jan-18
T2392,2,NV6735,20-Jan-18,NV616,20-Jan-18
T2393,2,NV6735,20-Jan-18,NV616,20-Jan-18
T2394,1,NV6735,20-Jan-18,NV616,20-Jan-18
T2395,2,NV6735,20-Jan-18,NV6556,20-Jan-18
T2396,2,NV6735,20-Jan-18,NV6556,20-Jan-18
T2397,2,NV6735,20-Jan-18,NV6556,20-Jan-18
T2398,2,NV6735,20-Jan-18,NV6556,20-Jan-18
T2399,1,NV6719,20-Jan-18,NV6116,20-Jan-18
T2400,1,NV6719,20-Jan-18,NV656,20-Jan-18
T2401,2,NV6719,20-Jan-18,NV616,20-Jan-18
T2402,2,NV6719,20-Jan-18,NV616,20-Jan-18
T2403,1,NV6719,20-Jan-18,NV6556,20-Jan-18
T2404,1,NV6719,20-Jan-18,NV686,20-Jan-18
T2405,2,NV383,20-Jan-18,NV6574,20-Jan-18
T2406,2,NV383,20-Jan-18,NV6574,20-Jan-18
T2407,1,NV383,20-Jan-18,NV6574,20-Jan-18
T2408,2,NV383,20-Jan-18,NV6685,20-Jan-18
T2409,1,NV383,20-Jan-18,NV6685,20-Jan-18
T2410,1,NV383,20-Jan-18,NV616,20-Jan-18
T2411,2,NV383,20-Jan-18,NV6742,20-Jan-18
T2412,2,NV383,20-Jan-18,NV6742,20-Jan-18
T2413,2,NV383,20-Jan-18,NV6742,20-Jan-18
T2414,2,NV383,20-Jan-18,NV6742,20-Jan-18
T2415,2,NV383,20-Jan-18,NV6742,20-Jan-18
T2416,2,NV383,20-Jan-18,NV6742,20-Jan-18
T2417,2,NV383,20-Jan-18,GN0348,20-Jan-18
T2418,2,NV383,20-Jan-18,NV0746,20-Jan-18
T2419,1,NV383,20-Jan-18,NV0746,20-Jan-18
T2420,1,NV383,20-Jan-18,NV629,20-Jan-18
T2421,1,NV6727,20-Jan-18,NV6116,20-Jan-18
T2422,1,NV6153,20-Jan-18,NV3465,20-Jan-18
T2423,2,NV6153,20-Jan-18,NV656,20-Jan-18
T2424,2,NV6153,20-Jan-18,NV656,20-Jan-18
T2425,1,NV6153,20-Jan-18,NV656,20-Jan-18
T2426,1,NV6153,20-Jan-18,NV616,20-Jan-18
T2427,2,NV6153,20-Jan-18,NV6742,20-Jan-18
T2428,1,NV6153,20-Jan-18,NV6556,20-Jan-18
T2429,1,NV6153,20-Jan-18,NV0746,20-Jan-18
T2430,2,NV6153,20-Jan-18,NV629,20-Jan-18
T2431,2,NV6153,20-Jan-18,NV629,20-Jan-18
T2432,2,NV6153,20-Jan-18,NV3273,20-Jan-18
T2433,1,NV6928,20-Jan-18,NV3702,20-Jan-18
T2434,2,NV6575,20-Jan-18,NV616,20-Jan-18
T2435,2,NV6575,20-Jan-18,NV382,20-Jan-18
T2436,2,NV6575,20-Jan-18,NV382,20-Jan-18
T2437,2,NV6575,20-Jan-18,NV382,20-Jan-18
T2438,2,NV6575,20-Jan-18,NV382,20-Jan-18
T2439,2,NV6575,20-Jan-18,NV382,20-Jan-18
T2440,2,NV6575,20-Jan-18,NV382,20-Jan-18
T2441,1,NV6575,20-Jan-18,NV686,20-Jan-18
T2442,1,NV6575,20-Jan-18,NV686,20-Jan-18
T2443,1,NV6575,20-Jan-18,NV302,20-Jan-18
T2444,1,NV6575,20-Jan-18,NV302,20-Jan-18
T2445,1,NV6575,20-Jan-18,NV6162,20-Jan-18
T2446,2,NV6575,20-Jan-18,NV6162,20-Jan-18
T2447,2,NV6575,20-Jan-18,NV6162,20-Jan-18
T2448,1,NV6575,20-Jan-18,NV6162,20-Jan-18
T2449,1,NV6575,20-Jan-18,NV642,20-Jan-18
T2450,1,NV6575,20-Jan-18,NV642,20-Jan-18
T2451,2,NV6575,20-Jan-18,NV830,20-Jan-18
T2452,2,NV6575,20-Jan-18,NV830,20-Jan-18
T2453,2,NV6575,20-Jan-18,NV830,20-Jan-18
T2454,2,NV6575,20-Jan-18,NV830,20-Jan-18
T2455,2,NV6575,20-Jan-18,NV830,20-Jan-18
T2456,2,NV6575,20-Jan-18,NV830,20-Jan-18
T2457,2,NV6575,20-Jan-18,NV830,20-Jan-18
T2458,2,NV6575,20-Jan-18,NV830,20-Jan-18
T2459,2,NV6575,20-Jan-18,NV830,20-Jan-18
T2460,2,NV6575,20-Jan-18,NV830,20-Jan-18
T2461,1,NV6575,20-Jan-18,NV830,20-Jan-18
T2462,2,NV6575,20-Jan-18,NV830,20-Jan-18
T2463,2,NV3654,20-Jan-18,NV686,20-Jan-18
T2464,1,NV3654,20-Jan-18,NV686,20-Jan-18
T2465,1,NV3654,20-Jan-18,NV682,20-Jan-18
T2466,1,NV3654,20-Jan-18,NV638,20-Jan-18
T2467,1,NV3654,20-Jan-18,NV304,20-Jan-18
T2468,1,NV3654,20-Jan-18,NV3702,20-Jan-18
T2469,1,NV3654,20-Jan-18,NV642,20-Jan-18
T2470,2,NV3654,20-Jan-18,NV830,20-Jan-18
T2471,2,NV3654,20-Jan-18,NV830,20-Jan-18
T2472,2,NV3654,20-Jan-18,NV830,20-Jan-18
T2473,1,NV3654,20-Jan-18,NV830,20-Jan-18
T2474,2,NV6171,20-Jan-18,NV6685,20-Jan-18
T2475,2,NV6171,20-Jan-18,NV656,20-Jan-18
T2476,2,NV6171,20-Jan-18,NV656,20-Jan-18
T2477,2,NV6171,20-Jan-18,NV656,20-Jan-18
T2478,2,NV6171,20-Jan-18,NV656,20-Jan-18
T2479,2,NV6171,20-Jan-18,NV656,20-Jan-18
T2480,2,NV6171,20-Jan-18,NV616,20-Jan-18
T2481,2,NV6171,20-Jan-18,NV616,20-Jan-18
T2482,2,NV6171,20-Jan-18,NV616,20-Jan-18
T2483,2,NV6171,20-Jan-18,NV616,20-Jan-18
T2484,2,NV6171,20-Jan-18,NV616,20-Jan-18
T2485,1,NV6171,20-Jan-18,NV616,20-Jan-18
T2486,1,NV6171,20-Jan-18,NV6556,20-Jan-18
T2487,1,NV6171,20-Jan-18,NV6736,20-Jan-18
T2488,1,NV6171,20-Jan-18,NV629,20-Jan-18
T2489,1,NV6171,20-Jan-18,NV6462,20-Jan-18
T2490,2,NV6171,20-Jan-18,NV3273,20-Jan-18
T2491,2,NV6171,20-Jan-18,NV3273,20-Jan-18
T2492,2,NV6171,20-Jan-18,NV3273,20-Jan-18
T2493,1,NV6171,20-Jan-18,NV3273,20-Jan-18
T2494,2,NV873,20-Jan-18,NV6736,20-Jan-18
T2495,2,NV873,20-Jan-18,NV629,20-Jan-18
T2496,1,NV873,20-Jan-18,NV629,20-Jan-18
T2497,1,NV873,20-Jan-18,NV6308,20-Jan-18
T2498,2,NV6709,20-Jan-18,NV656,20-Jan-18
T2499,2,NV6709,20-Jan-18,NV656,20-Jan-18
T2500,2,NV6709,20-Jan-18,NV656,20-Jan-18
T2501,2,NV6709,20-Jan-18,NV656,20-Jan-18
T2502,1,NV6709,20-Jan-18,NV656,20-Jan-18
T2503,2,NV6709,20-Jan-18,NV616,20-Jan-18
T2504,2,NV6709,20-Jan-18,NV6742,20-Jan-18
T2505,2,NV6709,20-Jan-18,NV642,20-Jan-18
T2506,2,NV6709,20-Jan-18,NV642,20-Jan-18
T2507,2,NV6709,20-Jan-18,NV834,20-Jan-18
T2508,2,GN0477,20-Jan-18,NV686,20-Jan-18
T2509,1,NV6685,20-Jan-18,NV6736,20-Jan-18
T2510,2,NV6685,20-Jan-18,NV6726,20-Jan-18
T2511,1,NV6685,20-Jan-18,NV6726,20-Jan-18
T2512,1,NV6685,20-Jan-18,NV3702,20-Jan-18
T2513,2,NV6685,20-Jan-18,NV830,20-Jan-18
T2514,1,NV6685,20-Jan-18,NV831,20-Jan-18
T2515,1,NV6711,20-Jan-18,NV382,20-Jan-18
T2516,1,NV6711,20-Jan-18,NV302,20-Jan-18
T2517,1,NV6711,20-Jan-18,NV6162,20-Jan-18
T2518,2,NV6711,20-Jan-18,NV3702,20-Jan-18
T2519,2,NV6711,20-Jan-18,NV642,20-Jan-18
T2520,2,NV6711,20-Jan-18,NV848,20-Jan-18
T2521,1,NV6711,20-Jan-18,NV848,20-Jan-18
T2522,1,NV613,20-Jan-18,NV682,20-Jan-18
T2523,1,NV613,20-Jan-18,NV638,20-Jan-18
T2524,2,NV613,20-Jan-18,NV6726,20-Jan-18
T2525,1,NV613,20-Jan-18,NV6726,20-Jan-18
T2526,2,NV613,20-Jan-18,NV6710,20-Jan-18
T2527,1,NV613,20-Jan-18,NV6710,20-Jan-18
T2528,2,GN0423,20-Jan-18,NV686,20-Jan-18
T2529,2,NV629,20-Jan-18,NV3273,20-Jan-18
T2530,1,NV629,20-Jan-18,NV3277,20-Jan-18
T2531,1,NV629,20-Jan-18,NV6308,20-Jan-18
T2532,2,NV629,20-Jan-18,NV834,20-Jan-18
T2533,1,NV629,20-Jan-18,NV834,20-Jan-18
T2534,2,NV629,20-Jan-18,NV848,20-Jan-18
T2535,1,NV382,20-Jan-18,NV686,20-Jan-18
T2536,2,NV382,20-Jan-18,NV682,20-Jan-18
T2537,2,NV382,20-Jan-18,NV682,20-Jan-18
T2538,2,NV382,20-Jan-18,NV638,20-Jan-18
T2539,2,NV382,20-Jan-18,NV638,20-Jan-18
T2540,2,NV382,20-Jan-18,NV638,20-Jan-18
T2541,2,NV382,20-Jan-18,NV638,20-Jan-18
T2542,2,NV382,20-Jan-18,NV638,20-Jan-18
T2543,2,NV382,20-Jan-18,NV638,20-Jan-18
T2544,2,NV382,20-Jan-18,NV638,20-Jan-18
T2545,2,NV382,20-Jan-18,NV642,20-Jan-18
T2546,2,NV382,20-Jan-18,NV624,20-Jan-18
T2547,1,NV382,20-Jan-18,NV624,20-Jan-18
T2548,2,NV382,20-Jan-18,NV308,20-Jan-18
T2549,2,NV382,20-Jan-18,NV308,20-Jan-18
T2550,2,NV382,20-Jan-18,NV308,20-Jan-18
T2551,2,NV382,20-Jan-18,NV860,20-Jan-18
T2552,2,NV6453,20-Jan-18,NV686,20-Jan-18
T2553,1,NV6453,20-Jan-18,NV686,20-Jan-18
T2554,2,NV6453,20-Jan-18,NV304,20-Jan-18
T2555,1,NV6453,20-Jan-18,NV304,20-Jan-18
T2556,1,NV6453,20-Jan-18,NV3702,20-Jan-18
T2557,1,NV6453,20-Jan-18,NV642,20-Jan-18
T2558,1,NV6453,20-Jan-18,NV830,20-Jan-18
T2559,2,NV6453,20-Jan-18,NV308,20-Jan-18
T2560,1,NV657,20-Jan-18,NV682,20-Jan-18
T2561,2,NV657,20-Jan-18,NV6162,20-Jan-18
T2562,2,NV657,20-Jan-18,NV6162,20-Jan-18
T2563,2,NV657,20-Jan-18,NV3702,20-Jan-18
T2564,1,NV657,20-Jan-18,NV3702,20-Jan-18
T2565,2,NV657,20-Jan-18,NV308,20-Jan-18
T2566,2,NV657,20-Jan-18,NV308,20-Jan-18
T2567,2,NV657,20-Jan-18,NV308,20-Jan-18
T2568,1,NV657,20-Jan-18,NV308,20-Jan-18
T2569,1,NV3632,20-Jan-18,NV860,20-Jan-18
T2570,1,NV641,20-Jan-18,NV624,20-Jan-18
T2571,2,NV641,20-Jan-18,NV860,20-Jan-18
T2572,2,NV302,20-Jan-18,NV638,20-Jan-18
T2573,1,NV302,20-Jan-18,NV638,20-Jan-18
T2574,2,NV302,20-Jan-18,NV642,20-Jan-18
T2575,2,NV302,20-Jan-18,NV642,20-Jan-18
T2576,2,NV302,20-Jan-18,NV642,20-Jan-18
T2577,1,NV6265,20-Jan-18,NV308,20-Jan-18
T2578,2,NV6265,20-Jan-18,NV860,20-Jan-18
T2579,2,NV6265,20-Jan-18,NV860,20-Jan-18
T2580,1,NV627,20-Jan-18,NV6710,20-Jan-18
T2581,1,NV627,20-Jan-18,NV308,20-Jan-18
T2582,2,NV627,20-Jan-18,NV860,20-Jan-18
T2583,1,NV6657,20-Jan-18,NV638,20-Jan-18
T2584,1,NV6657,20-Jan-18,NV304,20-Jan-18
T2585,1,NV6657,20-Jan-18,NV834,20-Jan-18
T2586,1,NV6657,20-Jan-18,NV848,20-Jan-18
T2587,1,NV6657,20-Jan-18,NV860,20-Jan-18
T2588,1,NV813,20-Jan-18,NV638,20-Jan-18
T2589,2,NV813,20-Jan-18,NV3702,20-Jan-18
T2590,1,NV813,20-Jan-18,NV308,20-Jan-18
T2591,1,NV6910,20-Jan-18,NV688,20-Jan-18
T2592,2,NV6715,20-Jan-18,NV642,20-Jan-18
T2593,2,NV6715,20-Jan-18,NV834,20-Jan-18
T2594,1,NV6715,20-Jan-18,NV834,20-Jan-18
T2595,2,NV6715,20-Jan-18,NV624,20-Jan-18
T2596,1,NV6715,20-Jan-18,NV624,20-Jan-18
T2597,1,NV6715,20-Jan-18,NV308,20-Jan-18
T2598,2,NV6715,20-Jan-18,NV658,20-Jan-18
T2599,2,NV6715,20-Jan-18,NV658,20-Jan-18
T2600,1,NV3515,20-Jan-18,NV688,20-Jan-18
T2601,1,NV6671,20-Jan-18,NV688,20-Jan-18
T2602,1,NV3260,20-Jan-18,NV642,20-Jan-18
T2603,2,NV3260,20-Jan-18,NV830,20-Jan-18
T2604,2,NV3260,20-Jan-18,NV308,20-Jan-18
T2605,2,NV3260,20-Jan-18,NV308,20-Jan-18
T2606,2,NV3260,20-Jan-18,NV308,20-Jan-18
T2607,2,NV3260,20-Jan-18,NV308,20-Jan-18
T2608,2,NV3260,20-Jan-18,NV860,20-Jan-18
T2609,2,NV3260,20-Jan-18,NV860,20-Jan-18
T2610,1,NV3260,20-Jan-18,NV860,20-Jan-18
T2611,2,NV3260,20-Jan-18,NV672,20-Jan-18
T2612,2,NV3260,20-Jan-18,NV688,20-Jan-18
T2613,2,NV3260,20-Jan-18,NV688,20-Jan-18
T2614,2,NV3260,20-Jan-18,NV688,20-Jan-18
T2615,2,NV6225,20-Jan-18,NV308,20-Jan-18
T2616,2,NV6225,20-Jan-18,NV308,20-Jan-18
T2617,2,NV6377,20-Jan-18,NV831,20-Jan-18
T2618,2,NV3197,20-Jan-18,NV6784,20-Jan-18
T2619,2,NV3197,20-Jan-18,NV6784,20-Jan-18
T2620,1,NV3197,20-Jan-18,NV672,20-Jan-18
T2621,1,NV3702,20-Jan-18,NV642,20-Jan-18
T2622,1,NV3702,20-Jan-18,NV830,20-Jan-18
T2623,2,NV3702,20-Jan-18,NV848,20-Jan-18
T2624,1,NV3702,20-Jan-18,NV848,20-Jan-18
T2625,2,NV3702,20-Jan-18,NV308,20-Jan-18
T2626,2,NV3702,20-Jan-18,NV308,20-Jan-18
T2627,1,NV3702,20-Jan-18,NV308,20-Jan-18
T2628,2,NV3702,20-Jan-18,NV860,20-Jan-18
T2629,2,NV3702,20-Jan-18,NV860,20-Jan-18
T2630,1,NV3702,20-Jan-18,NV688,20-Jan-18
T2631,2,NV304,20-Jan-18,NV642,20-Jan-18
T2632,1,NV304,20-Jan-18,NV642,20-Jan-18
T2633,1,NV304,20-Jan-18,NV848,20-Jan-18
T2634,2,NV304,20-Jan-18,NV308,20-Jan-18
T2635,2,NV304,20-Jan-18,NV308,20-Jan-18
T2636,1,NV304,20-Jan-18,NV308,20-Jan-18
T2637,1,NV635,20-Jan-18,NV834,20-Jan-18
T2638,1,NV635,20-Jan-18,NV3631,20-Jan-18
T2639,1,NV635,20-Jan-18,NV3410,20-Jan-18
T2640,1,NV635,20-Jan-18,NV6784,20-Jan-18
T2641,1,NV635,20-Jan-18,NV308,20-Jan-18
T2642,1,NV635,20-Jan-18,NV6588,20-Jan-18
T2643,2,NV635,20-Jan-18,NV672,20-Jan-18
T2644,2,NV635,20-Jan-18,NV672,20-Jan-18
T2645,2,NV635,20-Jan-18,NV859,20-Jan-18
T2646,2,NV635,20-Jan-18,NV859,20-Jan-18
T2647,2,NV635,20-Jan-18,NV859,20-Jan-18
T2648,2,NV635,20-Jan-18,NV859,20-Jan-18
T2649,2,NV635,20-Jan-18,NV859,20-Jan-18
T2650,2,NV635,20-Jan-18,NV859,20-Jan-18
T2651,2,NV635,20-Jan-18,NV859,20-Jan-18
T2652,2,NV635,20-Jan-18,NV859,20-Jan-18
T2653,2,NV635,20-Jan-18,NV859,20-Jan-18
T2654,2,NV307,20-Jan-18,NV6784,20-Jan-18
T2655,1,NV307,20-Jan-18,NV6528,20-Jan-18
T2656,1,NV391,20-Jan-18,NV658,20-Jan-18
T2657,2,NV6457,20-Jan-18,NV6720,20-Jan-18
T2658,2,NV6457,20-Jan-18,NV6720,20-Jan-18
T2659,2,NV6457,20-Jan-18,NV6720,20-Jan-18
T2660,2,NV6457,20-Jan-18,NV688,20-Jan-18
T2661,2,NV6717,20-Jan-18,NV834,20-Jan-18
T2662,1,NV6717,20-Jan-18,NV658,20-Jan-18
T2663,1,NV6119,20-Jan-18,NV3787,20-Jan-18
T2664,1,NV6119,20-Jan-18,NV3631,20-Jan-18
T2665,1,NV6119,20-Jan-18,NV831,20-Jan-18
T2666,2,NV6119,20-Jan-18,NV3131,20-Jan-18
T2667,2,NV6119,20-Jan-18,NV6784,20-Jan-18
T2668,2,NV6119,20-Jan-18,NV6784,20-Jan-18
T2669,1,NV6119,20-Jan-18,NV6784,20-Jan-18
T2670,2,NV6119,20-Jan-18,NV308,20-Jan-18
T2671,2,NV6119,20-Jan-18,NV308,20-Jan-18
T2672,2,NV6119,20-Jan-18,NV6720,20-Jan-18
T2673,2,NV6119,20-Jan-18,NV6720,20-Jan-18
T2674,1,NV6119,20-Jan-18,NV6325,20-Jan-18
T2675,2,NV6119,20-Jan-18,NV688,20-Jan-18
T2676,1,NV6119,20-Jan-18,NV688,20-Jan-18
T2677,1,NV6119,20-Jan-18,NV859,20-Jan-18
T2678,1,NV6145,20-Jan-18,NV3787,20-Jan-18
T2679,2,NV6145,20-Jan-18,NV831,20-Jan-18
T2680,1,NV6145,20-Jan-18,NV831,20-Jan-18
T2681,2,NV6145,20-Jan-18,NV3131,20-Jan-18
T2682,1,NV6145,20-Jan-18,NV3131,20-Jan-18
T2683,2,NV6145,20-Jan-18,NV848,20-Jan-18
T2684,1,NV6145,20-Jan-18,NV848,20-Jan-18
T2685,2,NV6145,20-Jan-18,NV308,20-Jan-18
T2686,2,NV6145,20-Jan-18,NV308,20-Jan-18
T2687,2,NV6145,20-Jan-18,NV308,20-Jan-18
T2688,2,NV6145,20-Jan-18,NV308,20-Jan-18
T2689,2,NV6145,20-Jan-18,NV308,20-Jan-18
T2690,2,NV6145,20-Jan-18,NV860,20-Jan-18
T2691,1,NV6145,20-Jan-18,NV860,20-Jan-18
T2692,2,NV6145,20-Jan-18,NV6588,20-Jan-18
T2693,2,NV6145,20-Jan-18,NV672,20-Jan-18
T2694,2,NV6145,20-Jan-18,NV658,20-Jan-18
T2695,2,NV6145,20-Jan-18,NV658,20-Jan-18
T2696,2,NV6145,20-Jan-18,NV658,20-Jan-18
T2697,2,NV6145,20-Jan-18,NV658,20-Jan-18
T2698,1,NV6145,20-Jan-18,NV658,20-Jan-18
T2699,1,NV6145,20-Jan-18,NV6325,20-Jan-18
T2700,2,NV6145,20-Jan-18,NV688,20-Jan-18
T2701,2,NV6145,20-Jan-18,NV688,20-Jan-18
T2702,2,NV6145,20-Jan-18,NV633,20-Jan-18
T2703,2,NV6145,20-Jan-18,NV6544,20-Jan-18
T2704,2,NV6145,20-Jan-18,NV3655,20-Jan-18
T2705,2,NV6145,20-Jan-18,NV6478,20-Jan-18
T2706,2,NV6145,20-Jan-18,NV6478,20-Jan-18
T2707,2,NV6145,20-Jan-18,NV6478,20-Jan-18
T2708,2,NV6145,20-Jan-18,NV826,20-Jan-18
T2709,2,NV6145,20-Jan-18,NV826,20-Jan-18
T2710,1,NV6145,20-Jan-18,NV826,20-Jan-18
T2711,1,NV619,20-Jan-18,NV831,20-Jan-18
T2712,2,NV619,20-Jan-18,NV6784,20-Jan-18
T2713,2,NV619,20-Jan-18,NV6784,20-Jan-18
T2714,2,NV619,20-Jan-18,NV6784,20-Jan-18
T2715,2,NV619,20-Jan-18,NV308,20-Jan-18
T2716,2,NV619,20-Jan-18,NV308,20-Jan-18
T2717,1,NV619,20-Jan-18,NV308,20-Jan-18
T2718,1,NV619,20-Jan-18,NV6720,20-Jan-18
T2719,2,NV619,20-Jan-18,NV688,20-Jan-18
T2720,2,NV619,20-Jan-18,NV6714,20-Jan-18
T2721,2,NV619,20-Jan-18,NV6714,20-Jan-18
T2722,2,NV6301,20-Jan-18,NV6720,20-Jan-18
T2723,1,NV6301,20-Jan-18,NV6325,20-Jan-18
T2724,2,NV6301,20-Jan-18,NV6714,20-Jan-18
T2725,2,NV6301,20-Jan-18,NV6714,20-Jan-18
T2726,2,NV6301,20-Jan-18,NV6714,20-Jan-18
T2727,1,NV6301,20-Jan-18,NV6714,20-Jan-18
T2728,2,NV3786,20-Jan-18,NV658,20-Jan-18
T2729,1,NV3786,20-Jan-18,NV699,20-Jan-18
T2730,1,NV3131,20-Jan-18,NV6297,20-Jan-18
T2731,1,NV3131,20-Jan-18,NV6714,20-Jan-18
T2732,1,NV3131,20-Jan-18,NV6578,20-Jan-18
T2733,1,NV3131,20-Jan-18,NV699,20-Jan-18
T2734,2,NV6489,20-Jan-18,NV6784,20-Jan-18
T2735,2,NV6489,20-Jan-18,NV6714,20-Jan-18
T2736,2,NV6489,20-Jan-18,NV6714,20-Jan-18
T2737,2,NV6489,20-Jan-18,NV6714,20-Jan-18
T2738,2,NV6489,20-Jan-18,NV6811,20-Jan-18
T2739,1,NV6489,20-Jan-18,NV6811,20-Jan-18
T2740,2,NV831,20-Jan-18,NV860,20-Jan-18
T2741,1,NV831,20-Jan-18,NV6325,20-Jan-18
T2742,1,NV831,20-Jan-18,NV688,20-Jan-18
T2743,2,NV831,20-Jan-18,NV859,20-Jan-18
T2744,1,NV831,20-Jan-18,NV859,20-Jan-18
T2745,2,NV831,20-Jan-18,NV6544,20-Jan-18
T2746,2,NV831,20-Jan-18,NV836,20-Jan-18
T2747,2,NV831,20-Jan-18,NV6714,20-Jan-18
T2748,1,NV831,20-Jan-18,NV6578,20-Jan-18
T2749,2,NV831,20-Jan-18,NV699,20-Jan-18
T2750,1,NV831,20-Jan-18,NV699,20-Jan-18
T2751,1,NV831,20-Jan-18,NV6642,20-Jan-18
T2752,2,NV615,20-Jan-18,NV6720,20-Jan-18
T2753,2,NV615,20-Jan-18,NV6720,20-Jan-18
T2754,2,NV615,20-Jan-18,NV6720,20-Jan-18
T2755,2,NV615,20-Jan-18,NV6720,20-Jan-18
T2756,2,NV615,20-Jan-18,NV6720,20-Jan-18
T2757,2,NV615,20-Jan-18,NV6720,20-Jan-18
T2758,2,NV615,20-Jan-18,NV6720,20-Jan-18
T2759,2,NV615,20-Jan-18,NV6720,20-Jan-18
T2760,2,NV615,20-Jan-18,NV6720,20-Jan-18
T2761,2,NV615,20-Jan-18,NV6720,20-Jan-18
T2762,2,NV615,20-Jan-18,NV6325,20-Jan-18
T2763,2,NV615,20-Jan-18,NV688,20-Jan-18
T2764,2,NV615,20-Jan-18,NV688,20-Jan-18
T2765,2,NV615,20-Jan-18,NV688,20-Jan-18
T2766,1,NV615,20-Jan-18,NV688,20-Jan-18
T2767,1,NV615,20-Jan-18,NV6578,20-Jan-18
T2768,2,NV3421,20-Jan-18,NV658,20-Jan-18
T2769,2,NV3421,20-Jan-18,NV658,20-Jan-18
T2770,2,NV3421,20-Jan-18,NV658,20-Jan-18
T2771,2,NV3421,20-Jan-18,NV658,20-Jan-18
T2772,2,NV3421,20-Jan-18,NV658,20-Jan-18
T2773,1,NV6525,20-Jan-18,NV688,20-Jan-18
T2774,1,NV6739,20-Jan-18,NV6486,20-Jan-18
T2775,2,NV6739,20-Jan-18,NV688,20-Jan-18
T2776,2,NV6739,20-Jan-18,NV836,20-Jan-18
T2777,1,NV6739,20-Jan-18,NV826,20-Jan-18
T2778,2,NV6739,20-Jan-18,NV6811,20-Jan-18
T2779,1,NV6739,20-Jan-18,NV6811,20-Jan-18
T2780,1,NV6739,20-Jan-18,NV654,20-Jan-18
T2781,2,NV399,20-Jan-18,NV688,20-Jan-18
T2782,1,NV399,20-Jan-18,NV688,20-Jan-18
T2783,2,NV399,20-Jan-18,NV6528,20-Jan-18
T2784,2,NV399,20-Jan-18,NV699,20-Jan-18
T2785,1,NV3622,20-Jan-18,NV688,20-Jan-18
T2786,1,NV6663,20-Jan-18,NV6472,20-Jan-18
T2787,2,NV6663,20-Jan-18,NV392,20-Jan-18
T2788,1,NV6663,20-Jan-18,NV3652,20-Jan-18
T2789,1,NV6663,20-Jan-18,NV654,20-Jan-18
T2790,1,NV859,20-Jan-18,NV308,20-Jan-18
T2791,2,NV859,20-Jan-18,NV688,20-Jan-18
T2792,1,NV859,20-Jan-18,NV688,20-Jan-18
T2793,2,NV859,20-Jan-18,NV836,20-Jan-18
T2794,1,NV859,20-Jan-18,NV836,20-Jan-18
T2795,1,NV859,20-Jan-18,NV3655,20-Jan-18
T2796,2,NV859,20-Jan-18,NV6478,20-Jan-18
T2797,2,NV859,20-Jan-18,NV6811,20-Jan-18
T2798,1,NV859,20-Jan-18,NV6811,20-Jan-18
T2801,1,NV3119,20-Jan-18,NV6325,20-Jan-18
T2802,2,NV3119,20-Jan-18,NV6714,20-Jan-18
T2803,2,NV3119,20-Jan-18,NV6714,20-Jan-18
T2804,2,NV3119,20-Jan-18,NV6714,20-Jan-18
T2805,2,NV3119,20-Jan-18,NV6714,20-Jan-18
T2806,1,NV3119,20-Jan-18,NV6714,20-Jan-18
T2807,1,NV3119,20-Jan-18,NV6578,20-Jan-18
T2808,2,NV3119,20-Jan-18,NV6632,20-Jan-18
T2809,2,NV3119,20-Jan-18,NV6632,20-Jan-18
T2810,2,NV3119,20-Jan-18,NV6632,20-Jan-18
T2811,2,NV3119,20-Jan-18,NV6632,20-Jan-18
T2812,2,NV3119,20-Jan-18,NV6632,20-Jan-18
T2813,2,NV3119,20-Jan-18,NV6632,20-Jan-18
T2814,2,NV3119,20-Jan-18,NV6632,20-Jan-18
T2815,2,NV3119,20-Jan-18,NV6632,20-Jan-18
T2816,2,NV3119,20-Jan-18,NV6632,20-Jan-18
T2817,2,NV3119,20-Jan-18,NV6652,20-Jan-18
T2818,2,NV3119,20-Jan-18,NV6652,20-Jan-18
T2819,2,NV3119,20-Jan-18,NV6652,20-Jan-18
T2820,2,NV6714,20-Jan-18,NV6720,20-Jan-18
T2821,1,NV6714,20-Jan-18,NV6720,20-Jan-18
T2822,1,NV6714,20-Jan-18,NV6325,20-Jan-18
T2823,1,NV6714,20-Jan-18,NV688,20-Jan-18
T2824,2,NV6714,20-Jan-18,NV6632,20-Jan-18
T2825,2,NV6714,20-Jan-18,NV6632,20-Jan-18
T2826,1,NV6714,20-Jan-18,NV6632,20-Jan-18
T2827,1,NV337,20-Jan-18,NV688,20-Jan-18
T2828,1,NV337,20-Jan-18,NV6642,20-Jan-18
T2829,1,NV6199,20-Jan-18,NV6578,20-Jan-18
T2830,1,NV6199,20-Jan-18,NV6772,20-Jan-18
T2831,2,NV6199,20-Jan-18,NV6642,20-Jan-18
T2832,1,NV6199,20-Jan-18,NV6642,20-Jan-18
T2833,2,NV6199,20-Jan-18,NV6652,20-Jan-18
T2834,2,NV6199,20-Jan-18,NV654,20-Jan-18
T2835,2,NV6199,20-Jan-18,NV654,20-Jan-18
T2836,2,NV6199,20-Jan-18,NV654,20-Jan-18
T2838,2,NV673,20-Jan-18,NV6325,20-Jan-18
T2839,2,NV673,20-Jan-18,NV6297,20-Jan-18
T2840,2,NV673,20-Jan-18,NV6714,20-Jan-18
T2841,2,NV673,20-Jan-18,NV6714,20-Jan-18
T2842,2,NV673,20-Jan-18,NV6714,20-Jan-18
T2843,2,NV673,20-Jan-18,NV6714,20-Jan-18
T2844,2,NV673,20-Jan-18,NV6714,20-Jan-18
T2845,1,NV673,20-Jan-18,NV6714,20-Jan-18
T2846,2,NV673,20-Jan-18,NV3655,20-Jan-18
T2847,2,NV673,20-Jan-18,NV6528,20-Jan-18
T2848,2,NV673,20-Jan-18,NV6528,20-Jan-18
T2849,1,NV673,20-Jan-18,NV6528,20-Jan-18
T2850,2,NV673,20-Jan-18,NV6578,20-Jan-18
T2851,2,NV673,20-Jan-18,NV6578,20-Jan-18
T2852,2,NV673,20-Jan-18,NV6578,20-Jan-18
T2853,2,NV673,20-Jan-18,NV6578,20-Jan-18
T2854,1,NV673,20-Jan-18,NV6642,20-Jan-18
T2855,2,NV673,20-Jan-18,NV6811,20-Jan-18
T2856,2,NV673,20-Jan-18,NV6811,20-Jan-18
T2857,2,NV673,20-Jan-18,NV6652,20-Jan-18
T2858,2,NV673,20-Jan-18,NV6652,20-Jan-18
T2859,1,NV673,20-Jan-18,NV6652,20-Jan-18
T2860,1,NV673,20-Jan-18,NV3993,20-Jan-18
T2871,2,NV633,20-Jan-18,NV6544,20-Jan-18
T2872,1,NV633,20-Jan-18,NV6544,20-Jan-18
T2873,1,NV633,20-Jan-18,GN0428,20-Jan-18
T2874,2,NV633,20-Jan-18,NV6714,20-Jan-18
T2875,1,NV633,20-Jan-18,NV6714,20-Jan-18
T2876,1,NV633,20-Jan-18,NV3655,20-Jan-18
T2877,2,NV633,20-Jan-18,NV6478,20-Jan-18
T2878,2,NV633,20-Jan-18,NV6478,20-Jan-18
T2879,1,NV633,20-Jan-18,NV6642,20-Jan-18
T2880,2,NV633,20-Jan-18,NV3993,20-Jan-18
T2889,2,NV6763,20-Jan-18,NV836,20-Jan-18
T2890,1,NV6763,20-Jan-18,NV836,20-Jan-18
T2891,2,NV6763,20-Jan-18,NV6472,20-Jan-18
T2892,1,NV6763,20-Jan-18,NV6472,20-Jan-18
T2893,1,NV6763,20-Jan-18,NV392,20-Jan-18
T2894,1,NV6763,20-Jan-18,NV654,20-Jan-18
T2895,2,NV849,20-Jan-18,NV6297,20-Jan-18
T2896,2,NV849,20-Jan-18,NV6297,20-Jan-18
T2897,2,NV849,20-Jan-18,NV6297,20-Jan-18
T2898,2,NV849,20-Jan-18,NV6297,20-Jan-18
T2899,2,NV849,20-Jan-18,NV6297,20-Jan-18
T2900,2,NV849,20-Jan-18,NV6297,20-Jan-18
T2901,2,NV849,20-Jan-18,NV6297,20-Jan-18
T2902,1,NV849,20-Jan-18,NV6714,20-Jan-18
T2903,2,NV849,20-Jan-18,NV3655,20-Jan-18
T2904,2,NV849,20-Jan-18,NV699,20-Jan-18
T2905,2,NV849,20-Jan-18,NV699,20-Jan-18
T2906,1,NV849,20-Jan-18,NV699,20-Jan-18
T2907,2,NV849,20-Jan-18,NV6772,20-Jan-18
T2908,1,NV849,20-Jan-18,NV6772,20-Jan-18
T2909,2,NV849,20-Jan-18,NV6632,20-Jan-18
T2910,1,NV849,20-Jan-18,NV6642,20-Jan-18
T2911,2,NV849,20-Jan-18,NV6652,20-Jan-18
T2912,1,NV849,20-Jan-18,NV6652,20-Jan-18
T2913,1,NV849,20-Jan-18,NV3652,20-Jan-18
T2919,2,NV6753,20-Jan-18,NV826,20-Jan-18
T2920,2,NV6753,20-Jan-18,NV826,20-Jan-18
T2921,2,NV6753,20-Jan-18,NV826,20-Jan-18
T2922,2,NV6753,20-Jan-18,NV826,20-Jan-18
T2923,2,NV6753,20-Jan-18,NV826,20-Jan-18
T2924,1,NV6753,20-Jan-18,NV3652,20-Jan-18
T2925,2,NV6753,20-Jan-18,NV654,20-Jan-18
T2926,1,NV6753,20-Jan-18,NV654,20-Jan-18
T2927,2,NV6753,20-Jan-18,NV654,20-Jan-18
T2928,2,NV6753,20-Jan-18,NV654,20-Jan-18
T2929,2,NV6753,20-Jan-18,NV654,20-Jan-18
T2930,2,NV6753,20-Jan-18,NV654,20-Jan-18
T2935,1,NV6324,20-Jan-18,NV654,20-Jan-18
T2938,1,NV6527,20-Jan-18,NV6811,20-Jan-18
T2944,2,NV827,20-Jan-18,NV6528,20-Jan-18
T2945,2,NV827,20-Jan-18,NV6528,20-Jan-18
T2946,1,NV827,20-Jan-18,NV6578,20-Jan-18
T2947,1,NV827,20-Jan-18,NV6772,20-Jan-18
T2948,1,NV827,20-Jan-18,NV6632,20-Jan-18
T2949,1,NV827,20-Jan-18,NV6811,20-Jan-18
T2950,2,NV827,20-Jan-18,NV6652,20-Jan-18
T2951,2,NV827,20-Jan-18,NV6652,20-Jan-18
T2952,1,NV827,20-Jan-18,NV6652,20-Jan-18
T2953,2,NV827,20-Jan-18,NV3652,20-Jan-18
T2954,2,NV827,20-Jan-18,NV3652,20-Jan-18
T2955,2,NV827,20-Jan-18,NV3652,20-Jan-18
T2961,2,NV621,20-Jan-18,NV6632,20-Jan-18
T2962,2,NV621,20-Jan-18,NV6632,20-Jan-18
T2963,2,NV621,20-Jan-18,NV6632,20-Jan-18
T2964,1,NV621,20-Jan-18,NV6811,20-Jan-18
T2965,2,NV621,20-Jan-18,NV6652,20-Jan-18
T2966,2,NV621,20-Jan-18,NV6652,20-Jan-18
T2971,1,NV6317,20-Jan-18,NV6632,20-Jan-18
T2973,1,NV6551,20-Jan-18,NV826,20-Jan-18
T2974,1,NV6551,20-Jan-18,NV654,20-Jan-18
T2985,2,NV6725,20-Jan-18,NV392,20-Jan-18
T2986,1,NV6725,20-Jan-18,NV392,20-Jan-18
T2987,1,NV6725,20-Jan-18,NV654,20-Jan-18
T2994,2,NV317,20-Jan-18,NV6652,20-Jan-18
T3002,1,NV6117,20-Jan-18,NV6632,20-Jan-18
T3003,2,NV6117,20-Jan-18,NV6811,20-Jan-18
T3004,2,NV6117,20-Jan-18,NV6811,20-Jan-18
T3005,2,NV6117,20-Jan-18,NV6811,20-Jan-18
T3006,1,NV6117,20-Jan-18,NV6652,20-Jan-18
T3007,1,NV6117,20-Jan-18,NV3993,20-Jan-18
T3023,1,NV6578,20-Jan-18,NV6772,20-Jan-18
T3028,1,NV6633,20-Jan-18,NV3652,20-Jan-18
T3029,1,NV6633,20-Jan-18,NV654,20-Jan-18
T3048,2,NV6642,20-Jan-18,NV654,20-Jan-18
T3049,2,NV6642,20-Jan-18,NV654,20-Jan-18
T3055,1,NV6643,20-Jan-18,NV654,20-Jan-18
T3085,2,NV6733,20-Jan-18,NV654,20-Jan-18
T3086,1,NV6733,20-Jan-18,NV654,20-Jan-18
T3093,1,NV6241,20-Jan-18,NV6156,20-Jan-18
T3094,2,NV6241,20-Jan-18,NV654,20-Jan-18
T3095,2,NV6241,20-Jan-18,NV654,20-Jan-18
T3096,1,NV6241,20-Jan-18,NV654,20-Jan-18
T3112,2,NV6737,20-Jan-18,NV654,20-Jan-18
T3113,1,NV6737,20-Jan-18,NV654,20-Jan-18
T2799,2,GN0641,20-Jan-18,NV664,21-Jan-18
T2800,2,NV6497,20-Jan-18,NV846,21-Jan-18
T2837,1,NV6199,20-Jan-18,NV840,21-Jan-18
T2861,2,NV673,20-Jan-18,NV664,21-Jan-18
T2862,2,NV673,20-Jan-18,NV664,21-Jan-18
T2863,2,NV673,20-Jan-18,NV664,21-Jan-18
T2864,2,NV673,20-Jan-18,NV664,21-Jan-18
T2865,1,NV673,20-Jan-18,NV664,21-Jan-18
T2866,2,NV673,20-Jan-18,NV320,21-Jan-18
T2867,2,NV673,20-Jan-18,NV320,21-Jan-18
T2868,2,NV673,20-Jan-18,NV320,21-Jan-18
T2869,2,NV673,20-Jan-18,NV320,21-Jan-18
T2870,2,NV673,20-Jan-18,NV320,21-Jan-18
T2881,2,NV633,20-Jan-18,NV846,21-Jan-18
T2882,2,NV633,20-Jan-18,NV846,21-Jan-18
T2883,2,NV633,20-Jan-18,NV846,21-Jan-18
T2884,2,NV633,20-Jan-18,NV846,21-Jan-18
T2885,2,NV633,20-Jan-18,NV846,21-Jan-18
T2886,2,NV633,20-Jan-18,NV840,21-Jan-18
T2887,2,NV633,20-Jan-18,NV840,21-Jan-18
T2888,1,NV633,20-Jan-18,NV840,21-Jan-18
T2914,2,NV849,20-Jan-18,NV664,21-Jan-18
T2915,2,NV849,20-Jan-18,NV664,21-Jan-18
T2916,2,NV849,20-Jan-18,NV664,21-Jan-18
T2917,1,NV849,20-Jan-18,NV320,21-Jan-18
T2918,1,NV849,20-Jan-18,NV882,21-Jan-18
T2931,1,NV6753,20-Jan-18,NV846,21-Jan-18
T2932,2,NV6753,20-Jan-18,NV6134,21-Jan-18
T2933,1,NV6753,20-Jan-18,NV6134,21-Jan-18
T2934,2,NV6753,20-Jan-18,NV882,21-Jan-18
T2936,1,NV6324,20-Jan-18,NV880,21-Jan-18
T2937,2,NV6463,20-Jan-18,NV840,21-Jan-18
T2939,2,NV6527,20-Jan-18,NV846,21-Jan-18
T2940,1,NV6527,20-Jan-18,NV846,21-Jan-18
T2941,1,NV6527,20-Jan-18,NV840,21-Jan-18
T2942,2,NV6527,20-Jan-18,NV880,21-Jan-18
T2943,1,NV6621,20-Jan-18,NV880,21-Jan-18
T2956,2,NV827,20-Jan-18,NV664,21-Jan-18
T2957,2,NV827,20-Jan-18,NV664,21-Jan-18
T2958,2,NV827,20-Jan-18,NV664,21-Jan-18
T2959,2,NV827,20-Jan-18,NV320,21-Jan-18
T2960,2,NV827,20-Jan-18,NV320,21-Jan-18
T2967,2,NV621,20-Jan-18,NV664,21-Jan-18
T2968,1,NV621,20-Jan-18,NV846,21-Jan-18
T2969,2,NV621,20-Jan-18,NV320,21-Jan-18
T2970,2,NV621,20-Jan-18,NV320,21-Jan-18
T2972,1,NV6317,20-Jan-18,NV320,21-Jan-18
T2975,2,NV6551,20-Jan-18,NV846,21-Jan-18
T2976,2,NV6551,20-Jan-18,NV320,21-Jan-18
T2977,2,NV6551,20-Jan-18,NV6134,21-Jan-18
T2978,2,NV6551,20-Jan-18,NV6134,21-Jan-18
T2979,2,NV6551,20-Jan-18,NV6134,21-Jan-18
T2980,2,NV6551,20-Jan-18,NV6134,21-Jan-18
T2981,2,NV6551,20-Jan-18,NV6134,21-Jan-18
T2982,2,NV6551,20-Jan-18,NV6134,21-Jan-18
T2983,2,NV6551,20-Jan-18,NV840,21-Jan-18
T2984,1,NV6551,20-Jan-18,NV840,21-Jan-18
T2988,2,NV6725,20-Jan-18,NV846,21-Jan-18
T2989,2,NV6725,20-Jan-18,NV880,21-Jan-18
T2990,2,NV6725,20-Jan-18,NV880,21-Jan-18
T2991,2,NV6725,20-Jan-18,NV880,21-Jan-18
T2992,1,NV6725,20-Jan-18,NV880,21-Jan-18
T2993,2,NV6549,20-Jan-18,NV840,21-Jan-18
T2995,2,NV317,20-Jan-18,NV664,21-Jan-18
T2996,1,NV317,20-Jan-18,NV664,21-Jan-18
T2997,2,NV317,20-Jan-18,NV320,21-Jan-18
T2998,2,NV317,20-Jan-18,NV882,21-Jan-18
T2999,2,NV317,20-Jan-18,NV882,21-Jan-18
T3000,1,NV317,20-Jan-18,NV840,21-Jan-18
T3001,1,NV3278,20-Jan-18,NV880,21-Jan-18
T3008,2,NV6117,20-Jan-18,NV664,21-Jan-18
T3009,2,NV6117,20-Jan-18,NV664,21-Jan-18
T3010,2,NV6117,20-Jan-18,NV664,21-Jan-18
T3011,2,NV6117,20-Jan-18,NV664,21-Jan-18
T3012,2,NV6117,20-Jan-18,NV664,21-Jan-18
T3013,2,NV6117,20-Jan-18,NV664,21-Jan-18
T3014,2,NV6117,20-Jan-18,NV664,21-Jan-18
T3015,2,NV6117,20-Jan-18,NV664,21-Jan-18
T3016,2,NV6117,20-Jan-18,NV664,21-Jan-18
T3017,2,NV6117,20-Jan-18,NV664,21-Jan-18
T3018,2,NV6117,20-Jan-18,NV664,21-Jan-18
T3019,2,NV6117,20-Jan-18,NV320,21-Jan-18
T3020,2,NV6117,20-Jan-18,NV882,21-Jan-18
T3021,1,NV6117,20-Jan-18,NV882,21-Jan-18
T3022,2,NV6117,20-Jan-18,NV840,21-Jan-18
T3024,2,NV6578,20-Jan-18,NV840,21-Jan-18
T3025,2,NV6772,20-Jan-18,NV846,21-Jan-18
T3026,1,NV6772,20-Jan-18,NV846,21-Jan-18
T3027,2,NV6772,20-Jan-18,NV880,21-Jan-18
T3030,2,NV6633,20-Jan-18,NV664,21-Jan-18
T3031,1,NV6633,20-Jan-18,NV664,21-Jan-18
T3032,1,NV6633,20-Jan-18,NV846,21-Jan-18
T3033,1,NV6633,20-Jan-18,NV320,21-Jan-18
T3034,2,NV6633,20-Jan-18,NV882,21-Jan-18
T3035,1,NV6633,20-Jan-18,NV840,21-Jan-18
T3036,2,NV6633,20-Jan-18,NV840,21-Jan-18
T3037,2,NV6633,20-Jan-18,NV880,21-Jan-18
T3038,2,NV6633,20-Jan-18,NV880,21-Jan-18
T3039,2,NV6633,20-Jan-18,NV880,21-Jan-18
T3040,2,NV6633,20-Jan-18,NV880,21-Jan-18
T3041,2,NV6633,20-Jan-18,NV880,21-Jan-18
T3042,1,NV6633,20-Jan-18,NV322,21-Jan-18
T3043,1,NV6811,20-Jan-18,NV880,21-Jan-18
T3044,2,NV651,20-Jan-18,NV846,21-Jan-18
T3045,2,NV651,20-Jan-18,NV846,21-Jan-18
T3046,2,NV651,20-Jan-18,NV846,21-Jan-18
T3047,1,NV651,20-Jan-18,NV840,21-Jan-18
T3050,2,NV6642,20-Jan-18,NV846,21-Jan-18
T3051,2,NV6642,20-Jan-18,NV320,21-Jan-18
T3052,2,NV6642,20-Jan-18,NV6134,21-Jan-18
T3053,2,NV6642,20-Jan-18,NV880,21-Jan-18
T3054,1,NV6642,20-Jan-18,NV880,21-Jan-18
T3056,2,NV6643,20-Jan-18,NV664,21-Jan-18
T3057,2,NV6643,20-Jan-18,NV846,21-Jan-18
T3058,1,NV6643,20-Jan-18,NV846,21-Jan-18
T3059,2,NV6643,20-Jan-18,NV880,21-Jan-18
T3060,1,GN0409,20-Jan-18,NV320,21-Jan-18
T3061,1,GN0409,20-Jan-18,NV840,21-Jan-18
T3062,2,NV6505,20-Jan-18,NV664,21-Jan-18
T3063,2,NV6505,20-Jan-18,NV840,21-Jan-18
T3064,2,GN0629,20-Jan-18,NV664,21-Jan-18
T3065,1,GN0629,20-Jan-18,NV664,21-Jan-18
T3066,1,GN0629,20-Jan-18,NV846,21-Jan-18
T3067,2,GN0629,20-Jan-18,NV882,21-Jan-18
T3068,1,NV6653,20-Jan-18,NV664,21-Jan-18
T3069,2,NV6653,20-Jan-18,NV846,21-Jan-18
T3070,1,NV6653,20-Jan-18,NV846,21-Jan-18
T3071,1,NV6653,20-Jan-18,NV320,21-Jan-18
T3072,2,NV6653,20-Jan-18,NV840,21-Jan-18
T3073,1,NV6653,20-Jan-18,NV840,21-Jan-18
T3074,2,NV6653,20-Jan-18,NV880,21-Jan-18
T3075,2,NV6653,20-Jan-18,NV880,21-Jan-18
T3076,2,NV6653,20-Jan-18,NV880,21-Jan-18
T3077,2,NV6653,20-Jan-18,NV880,21-Jan-18
T3078,2,NV6699,20-Jan-18,NV320,21-Jan-18
T3079,2,NV6699,20-Jan-18,NV840,21-Jan-18
T3080,2,NV6699,20-Jan-18,NV840,21-Jan-18
T3081,2,NV6699,20-Jan-18,NV840,21-Jan-18
T3082,2,NV6699,20-Jan-18,NV840,21-Jan-18
T3083,2,NV6699,20-Jan-18,NV840,21-Jan-18
T3084,1,NV6699,20-Jan-18,NV880,21-Jan-18
T3087,1,NV6733,20-Jan-18,NV664,21-Jan-18
T3088,2,NV6733,20-Jan-18,NV846,21-Jan-18
T3089,1,NV6733,20-Jan-18,NV846,21-Jan-18
T3090,1,NV6733,20-Jan-18,NV880,21-Jan-18
T3091,1,NV679,20-Jan-18,NV664,21-Jan-18
T3092,2,NV679,20-Jan-18,NV880,21-Jan-18
T3097,2,NV6241,20-Jan-18,NV6134,21-Jan-18
T3098,2,NV6241,20-Jan-18,NV6134,21-Jan-18
T3099,2,NV6241,20-Jan-18,NV6134,21-Jan-18
T3100,1,NV6241,20-Jan-18,NV6134,21-Jan-18
T3101,1,NV6241,20-Jan-18,NV882,21-Jan-18
T3102,2,NV6241,20-Jan-18,NV880,21-Jan-18
T3103,2,NV6241,20-Jan-18,NV880,21-Jan-18
T3104,2,NV6241,20-Jan-18,NV880,21-Jan-18
T3105,2,NV6241,20-Jan-18,NV880,21-Jan-18
T3106,2,NV6241,20-Jan-18,NV880,21-Jan-18
T3107,2,NV6241,20-Jan-18,NV880,21-Jan-18
T3108,2,NV6241,20-Jan-18,NV880,21-Jan-18
T3109,2,NV6241,20-Jan-18,NV880,21-Jan-18
T3110,2,NV6241,20-Jan-18,NV880,21-Jan-18
T3111,2,NV6241,20-Jan-18,NV880,21-Jan-18
T3114,2,NV6737,20-Jan-18,NV664,21-Jan-18
T3115,1,NV6737,20-Jan-18,NV846,21-Jan-18
T3116,1,NV6737,20-Jan-18,NV320,21-Jan-18
T3117,2,NV6737,20-Jan-18,NV6134,21-Jan-18
T3118,2,NV6737,20-Jan-18,NV6134,21-Jan-18
T3119,2,NV6737,20-Jan-18,NV6134,21-Jan-18
T3120,1,NV6737,20-Jan-18,NV6134,21-Jan-18
T3121,2,NV6737,20-Jan-18,NV840,21-Jan-18
T3122,2,NV6737,20-Jan-18,NV880,21-Jan-18
T3123,2,NV6737,20-Jan-18,NV880,21-Jan-18
T3124,2,NV6737,20-Jan-18,NV880,21-Jan-18
T3125,1,NV6737,20-Jan-18,NV880,21-Jan-18
T3126,2,NV6737,20-Jan-18,NV322,21-Jan-18
T3127,2,NV6405,20-Jan-18,NV846,21-Jan-18
T3128,2,NV6405,20-Jan-18,NV846,21-Jan-18
T3129,2,NV6405,20-Jan-18,NV846,21-Jan-18
T3130,2,NV6405,20-Jan-18,NV846,21-Jan-18
T3131,2,NV6405,20-Jan-18,NV846,21-Jan-18
T3132,2,NV6405,20-Jan-18,NV840,21-Jan-18
T3133,1,NV6405,20-Jan-18,NV840,21-Jan-18
T3134,2,NV6405,20-Jan-18,NV880,21-Jan-18
T3135,2,NV6405,20-Jan-18,NV880,21-Jan-18
T3136,2,NV6405,20-Jan-18,NV880,21-Jan-18
T3137,1,NV6405,20-Jan-18,NV880,21-Jan-18
T3138,1,NV3270,20-Jan-18,NV882,21-Jan-18
T3139,1,GN0645,20-Jan-18,NV880,21-Jan-18
T3140,1,GN0639,20-Jan-18,NV882,21-Jan-18
T3141,2,GN0639,20-Jan-18,NV880,21-Jan-18
T3142,1,NV0747,20-Jan-18,NV322,21-Jan-18
T3143,2,NV617,20-Jan-18,NV880,21-Jan-18
T3144,1,NV3195,20-Jan-18,NV322,21-Jan-18
